Workbook

Sheet README
A1: PangAsin – Estimated Municipal Salt Production and Salt-Bed Counts
A2: Educated-estimate (synthetic) dataset for the seven salt-producing municipalities of Pangasinan. Companion to the Word documentation.
A4: Purpose | B4: Monthly salt production (kg) per municipality for 2024 and 2025, and estimated number of salt beds per municipality, derived from the San Fabian primary record and BFAR RFO1 FOI data (Bani uses FOI by default; its master-sheet reports are a selectable alternative).
A5: How the numbers are built | B5: 1) Annual production = primary value if one exists, otherwise FOI value (Annual_Production). 2) Salt beds = annual production ÷ x, where x = kg of salt per bed per year calibrated on Alaminos City 2025 (Alaminos_Beds, Salt_Beds). 3) Monthly production = annual production × monthly share (Seasonal_Profile, Shares, Monthly_Estimates).
A6: Colour code | B6: Blue text = hard-coded input from a source file. Black = formula. Green = direct link to another sheet. Yellow fill = selector you can change (Assumptions!B4, B5).
A7: Real monthly data | B7: If you have observed monthly production for any municipality-year, type it into Monthly_Override (kg). It replaces the estimate for that row. Assumptions!B10 changes how Bani and San Fabian are spread inside their season (1 = equal months, 2 = observed profile).
A8: Alaminos and San Fabian sources | B8: Assumptions!B23: Alaminos annual production = master col. U (read as kg per month) × 6 months (2, default) or FOI (1). The master sheet leaves Alaminos annual production empty; Alaminos_Beds column J fills it per farm. Assumptions!B24: San Fabian hybrid series – primary where it exists, FOI fills missing years. San Fabian 2023–2026 is in Annual_Production rows 35–42 and Monthly_Estimates rows 30–35; every month has a value (equation 5a), and the recorded Nov–May season is a switch (Assumptions!C19).
A9: KEY WARNING 4 | B9: Master-sheet column U is labelled 'per day' but is used as kg per month: that reading matches FOI within 2.8% (Testing T10), while column V (U × 30) is 31× FOI. Confirm the unit with the source. Alaminos primary values carry no year, so they are applied to 2025 only.
A10: Selectors (Assumptions) | B10: B11 chooses Bani's annual source (1 = FOI, default; 2 = primary master sheet). B4 chooses the bed-yield basis (1 = Alaminos 2025, 2 = mean of 2025 and 2026, 3 = legacy 310.61 from the handwritten card). B5 chooses the monthly method (1 = same-year observed provincial profile + primary season windows, 2 = pooled 2024–25 profile + windows, 3 = linear arithmetic with M1 = 8%). Column B of the municipality table is an optional coverage multiplier (default 1.00).
A11: KEY WARNING 1 | B11: The handwritten calibration divides by 3,444 salt beds. That count equals only the first 21 Alaminos rows of the master sheet (cumulative total, Alaminos_Beds). The full sheet has 7,410 beds, so x = 144.36 kg/bed/yr, not 310.61. The workbook defaults to the full sheet; set Assumptions!B4 = 3 to reproduce the handwritten basis.
A12: KEY WARNING 2 | B12: FOI figures are lower bounds. Where primary data exist, FOI covers 7% (Bani) to 93% (San Fabian) of them, and the FOI provincial 2025 total is about 15% of the 2021 OPAg total (Testing, T9). Use the coverage multiplier if better municipal totals become available.
A13: KEY WARNING 3 | B13: These are deterministic disaggregations of annual totals. Monthly values contain no information beyond the annual total and the seasonal profile, so they illustrate and test the PangAsin pipeline but are not observed data. Do not report them as measurements.
A14: Sheets | B14: Assumptions · Monthly_Override · Annual_Production · Alaminos_Beds · Salt_Beds · Seasonal_Profile · Shares · Monthly_Estimates · Monthly_Long (database-ready) · Testing (T1–T10, live formulas).
A15: Sources | B15: Primary: salt_MasterSheet1 (Bani, Alaminos City); San Fabian email screenshots; handwritten calculation cards. Secondary: BFAR RFO1 FOI files RS3969 and RS4760. External benchmark (Testing T3, T9): Pangasinan Provincial Government / OPAg 2021 figures, https://www.pangasinan.gov.ph/?p=108708
... A18: 2026 San Fabian-reference synthesis | B18: This updated _IQR_2026 copy adds synthetic Jan-Sep 2026 monthly values for all seven municipalities using the San Fabian 2026 estimated profile plus stochastic IQR variation. Each municipality total reconciles to the supplied Jan-Sep 2026 production amount; Oct-Dec are not included. See the 2026_ tabs.

Sheet Assumptions
A1: Assumptions and selectors
A2: Yellow cells are selectors. Everything downstream recalculates.
A3: Parameter | B3: Value | C3: Notes
A4: Bed-yield basis x (1 = Alaminos 2025 FOI · 2 = mean of 2025 & 2026 FOI · 3 = legacy 310.61 · 4 = Alaminos primary col. U) | B4: 1 | C4: Default 1: complete-year FOI figure with a surveyed bed count. Option 4 calibrates on the primary master-sheet production instead (B26); the two agree within 3%.
A5: Monthly method (1 = same-year observed profile + windows · 2 = pooled 2024–25 profile + windows · 3 = linear arithmetic) | B5: 1 | C5: Default 1. Method 3 reproduces the handwritten 'M1 = 8%, linear arithmetic' idea for comparison.
A6: Linear arithmetic first-month share a1 | B6: 0.08 | C6: From handwritten card: M1 = 8% of total yearly production.
A7: Bed yield x used (kg / salt bed / year) | B7: =CHOOSE(B4,Alaminos_Beds!B9,AVERAGE(Alaminos_Beds!B9,Alaminos_Beds!B10),Alaminos_Beds!B12,B26) | C7: Calculated with CHOOSE on the selector: Alaminos 2025, mean of 2025 and 2026, or legacy.
A8: Average bed area, Alaminos survey (m²) | B8: =Alaminos_Beds!B6 | C8: Bed-count-weighted mean of the 38 Alaminos survey rows.
A9: Legacy bed count used on handwritten card | B9: 3444 | C9: Handwritten x = 1,069,740 ÷ 3,444 = 310.61. Equals cumulative beds through row 21 of the Alaminos table, not the full sheet.
A10: Shape inside a primary window (1 = flat · 2 = follow the observed profile) | B10: 1 | C10: Applies to Bani and San Fabian. 1 = equal months (default, no monthly evidence). 2 = months weighted by the observed provincial profile (puts ~86% of Bani output in April). Real monthly data in Monthly_Override replace both.
A11: Bani annual source (1 = FOI, like the other municipalities · 2 = primary master sheet) | B11: 1 | C11: Default 1. Option 2 uses the master-sheet farm reports (9,445 MT in 2024, 8,160 MT in 2025) and applies Bani's recorded Jan–Apr production window.
A12: Municipality | B12: Coverage multiplier c | C12: Use primary season window (1/0) | D12: Jan | E12: Feb | F12: Mar | G12: Apr | H12: May | I12: Jun | J12: Jul | K12: Aug | L12: Sep | M12: Oct | N12: Nov | O12: Dec | P12: Window source / note
A13: Alaminos City | B13: 1 | C13: 0 | D13: 1 | E13: 1 | F13: 1 | G13: 1 | H13: 1 | I13: 0 | J13: 0 | K13: 0 | L13: 0 | M13: 0 | N13: 0 | O13: 1 | P13: Primary season Dec–May is stored in the flags. Default 0 = observed profile like the other municipalities; set C13 = 1 for flat monthly rates in Dec–May only.
A14: Anda | B14: 1 | C14: 0 | D14: 1 | E14: 1 | F14: 1 | G14: 1 | H14: 1 | I14: 1 | J14: 1 | K14: 1 | L14: 1 | M14: 1 | N14: 1 | O14: 1 | P14: No primary season data – provincial profile applies.
A15: Bani | B15: 1 | C15: =IF($B$11=2,1,0) | D15: 1 | E15: 1 | F15: 1 | G15: 1 | H15: 0 | I15: 0 | J15: 0 | K15: 0 | L15: 0 | M15: 0 | N15: 0 | O15: 0 | P15: Master sheet: Nov–Dec pond preparation, Jan–Apr production period.
A16: Bolinao | B16: 1 | C16: 0 | D16: 1 | E16: 1 | F16: 1 | G16: 1 | H16: 1 | I16: 1 | J16: 1 | K16: 1 | L16: 1 | M16: 1 | N16: 1 | O16: 1 | P16: No primary season data – provincial profile applies.
A17: Dasol | B17: 1 | C17: 0 | D17: 1 | E17: 1 | F17: 1 | G17: 1 | H17: 1 | I17: 1 | J17: 1 | K17: 1 | L17: 1 | M17: 1 | N17: 1 | O17: 1 | P17: No primary season data – provincial profile applies.
A18: Infanta | B18: 1 | C18: 0 | D18: 1 | E18: 1 | F18: 1 | G18: 1 | H18: 1 | I18: 1 | J18: 1 | K18: 1 | L18: 1 | M18: 1 | N18: 1 | O18: 1 | P18: No primary season data – provincial profile applies.
A19: San Fabian | B19: 1 | C19: 0 | D19: 1 | E19: 1 | F19: 1 | G19: 1 | H19: 1 | I19: 0 | J19: 0 | K19: 0 | L19: 0 | M19: 0 | N19: 1 | O19: 1 | P19: Primary season Nov–May is stored in the flags. Default 0 = observed profile (no empty months); set C19 = 1 to confine output to Nov–May.
A21: Coverage multiplier: leave at 1.00 unless a better municipal annual total becomes available (it multiplies the selected annual production). Flags are only used where 'Use primary season window' = 1.
A22: Additional selectors
A23: Alaminos annual source (1 = FOI · 2 = master col. U, read as kg per month, × season months) | B23: 2 | C23: Default 2 (primary): 183,210 kg a month × 6 months (Dec–May) = 1,099,260 kg, 2.8% above FOI. 2025 only. See Testing T10 for the unit reading.
A24: San Fabian fill for years with no primary value (1 = FOI as reported · 2 = FOI × primary ÷ FOI ratio of overlapping years) | B24: 1 | C24: Hybrid series: primary where it exists, otherwise FOI (2026 primary is 'ongoing'). Option 2 scales FOI up by the 2024–25 overlap ratio.
A25: Alaminos season months (Σ of its window flags, row 13) | B25: =SUM(D13:O13) | C25: Dec–May = 6 months.
A26: x from primary Alaminos production (col. U × season months ÷ beds) | B26: =Alaminos_Beds!B14*B25/Alaminos_Beds!B4 | C26: Used only when B4 = 4.

Sheet Alaminos_Beds
A1: Alaminos City salt-bed census and bed-yield calibration
A2: Source: salt_MasterSheet1, rows 11–48 (primary data).
A4: Σ salt beds, full master sheet | B4: =SUM(D16:D53)
A5: Σ bed area (ha) | B5: =SUM(G16:G53)
A6: Weighted average bed area (m²) | B6: =SUMPRODUCT(D16:D53,F16:F53)/B4
A7: FOI Alaminos City 2025 (kg) | B7: =Annual_Production!C4
A8: FOI Alaminos City 2026 (kg, provisional) | B8: =Annual_Production!D4
A9: x 2025 = FOI 2025 ÷ Σ beds (kg/bed/yr) | B9: =B7/B4
A10: x 2026 (provisional) = FOI 2026 ÷ Σ beds | B10: =B8/B4
A11: Legacy bed count (handwritten card) | B11: =Assumptions!B9
A12: x legacy = FOI 2025 ÷ legacy count | B12: =B7/B11
A13: Farm at which cumulative beds first equal the legacy count | B13: =IFERROR(INDEX(C16:C53,MATCH(B11,H16:H53,0)),"no exact match")
A14: Σ master col. U (kg; read as per month) | B14: =SUM(I16:I53)
A15: # | B15: Barangay | C15: Farm / operator | D15: Salt beds | E15: Bed size (ft) | F15: Bed area (m²) | G15: Bed area (ha) | H15: Cumulative beds | I15: Production per month, master col. U (kg) | J15: Annual 2025 = U × season months (kg) | K15: Annual 2025 (MT)
A16: 1 | B16: Mona | C16: Aurelia Alejo | D16: 143 | E16: 18 x 20 | F16: 33.45 | G16: =D16*F16/10000 | H16: =SUM(D$16:D16) | I16: 2860 | J16: =I16*Assumptions!$B$25 | K16: =J16/1000
A17: 2 | B17: Mona | C17: Jacqueline M. Capiral (Mariano S. Montemayor, Jr.) | D17: 250 | E17: 18 x 20 | F17: 33.45 | G17: =D17*F17/10000 | H17: =SUM(D$16:D17) | I17: 6250 | J17: =I17*Assumptions!$B$25 | K17: =J17/1000
A18: 3 | B18: Mona | C18: Jerry R. De Vera | D18: 113 | E18: 18 x 20 | F18: 33.45 | G18: =D18*F18/10000 | H18: =SUM(D$16:D18) | I18: 2825 | J18: =I18*Assumptions!$B$25 | K18: =J18/1000
A19: 4 | B19: Mona | C19: Percebal Carbonel | D19: 65 | E19: 20 x 20 | F19: 37.16 | G19: =D19*F19/10000 | H19: =SUM(D$16:D19) | I19: 1300 | J19: =I19*Assumptions!$B$25 | K19: =J19/1000
A20: 5 | B20: Mona | C20: 4 Salt Farmer Unsurveyed | D20: 400 | E20: 18 x 20 | F20: 33.45 | G20: =D20*F20/10000 | H20: =SUM(D$16:D20) | I20: 10000 | J20: =I20*Assumptions!$B$25 | K20: =J20/1000
A21: 6 | B21: Pandan | C21: Concepcion Legaspi Nato | D21: 513 | E21: 18 x 20 | F21: 33.45 | G21: =D21*F21/10000 | H21: =SUM(D$16:D21) | I21: 10260 | J21: =I21*Assumptions!$B$25 | K21: =J21/1000
A22: 7 | B22: Pandan | C22: Crisanto R. Legaspi | D22: 145 | E22: 18 x 20 | F22: 33.45 | G22: =D22*F22/10000 | H22: =SUM(D$16:D22) | I22: 2900 | J22: =I22*Assumptions!$B$25 | K22: =J22/1000
A23: 8 | B23: Pandan | C23: Ricardo D. Legaspi | D23: 60 | E23: 18 x 20 | F23: 33.45 | G23: =D23*F23/10000 | H23: =SUM(D$16:D23) | I23: 1200 | J23: =I23*Assumptions!$B$25 | K23: =J23/1000
A24: 9 | B24: Pandan | C24: Salvador Braganza | D24: 130 | E24: 18 x 20 | F24: 33.45 | G24: =D24*F24/10000 | H24: =SUM(D$16:D24) | I24: 2600 | J24: =I24*Assumptions!$B$25 | K24: =J24/1000
A25: 10 | B25: Pandan | C25: Salvador R. Legaspi | D25: 90 | E25: 18 x 20 | F25: 33.45 | G25: =D25*F25/10000 | H25: =SUM(D$16:D25) | I25: 1800 | J25: =I25*Assumptions!$B$25 | K25: =J25/1000
A26: 11 | B26: Pangapisan | C26: Bobby G. Bautista | D26: 150 | E26: 18 x 20 | F26: 33.45 | G26: =D26*F26/10000 | H26: =SUM(D$16:D26) | I26: 2250 | J26: =I26*Assumptions!$B$25 | K26: =J26/1000
A27: 12 | B27: Pangapisan | C27: Christopher De Guzman | D27: 140 | E27: 18 x 20 | F27: 33.45 | G27: =D27*F27/10000 | H27: =SUM(D$16:D27) | I27: 3500 | J27: =I27*Assumptions!$B$25 | K27: =J27/1000
... A53: 38 | B53: Pangapisan | C53: 3 Unsurveyed Salt Farmer | D53: 300 | E53: 18 x 20 | F53: 33.45 | G53: =D53*F53/10000 | H53: =SUM(D$16:D53) | I53: 7500 | J53: =I53*Assumptions!$B$25 | K53: =J53/1000
A54: Total | D54: =SUM(D16:D53) | G54: =SUM(G16:G53) | I54: =SUM(I16:I53) | J54: =SUM(J16:J53) | K54: =SUM(K16:K53)
A55: Master sheet labels column U 'per day'. It is read here as kg per month; the sheet's own column V (= U × 30) is not used (Testing T10). The sheet leaves Alaminos annual production empty; column J fills it.

Sheet Annual_Production
A1: Annual production by municipality – source selection
A2: Rule: primary value if available, otherwise FOI (BFAR RFO1). Units: kg.
A3: Municipality | B3: FOI 2024 | C3: FOI 2025 | D3: FOI 2026 (provisional) | E3: Primary 2024 | F3: Primary 2025 | G3: Selected 2024 | H3: Selected 2025 | I3: Source 2024 | J3: Source 2025 | K3: Coverage multiplier | L3: Used 2024 | M3: Used 2025 | N3: Note
A4: Alaminos City | B4: 446350 | C4: 1069740 | D4: 1327670 | F4: =IF(Assumptions!B23=2,Alaminos_Beds!B14*Assumptions!B25,"") | G4: =IF(ISNUMBER(E4),E4,B4) | H4: =IF(ISNUMBER(F4),F4,C4) | I4: =IF(ISNUMBER(E4),"Primary","FOI (secondary)") | J4: =IF(ISNUMBER(F4),"Primary","FOI (secondary)") | K4: =Assumptions!B13 | L4: =G4*K4 | M4: =H4*K4 | N4: 2025 default (Assumptions!B23 = 2): primary master col. U (kg/month) × 6 months, 2.8% above FOI. 2024 stays FOI. B23 = 1 gives FOI.
A5: Anda | B5: 115600 | C5: 1332211 | D5: 1510686 | G5: =IF(ISNUMBER(E5),E5,B5) | H5: =IF(ISNUMBER(F5),F5,C5) | I5: =IF(ISNUMBER(E5),"Primary","FOI (secondary)") | J5: =IF(ISNUMBER(F5),"Primary","FOI (secondary)") | K5: =Assumptions!B14 | L5: =G5*K5 | M5: =H5*K5 | N5: FOI only.
A6: Bani | B6: 649400 | C6: 607800 | D6: 73500 | E6: =IF(Assumptions!B11=2,C23*1000,"") | F6: =IF(Assumptions!B11=2,D23*1000,"") | G6: =IF(ISNUMBER(E6),E6,B6) | H6: =IF(ISNUMBER(F6),F6,C6) | I6: =IF(ISNUMBER(E6),"Primary","FOI (secondary)") | J6: =IF(ISNUMBER(F6),"Primary","FOI (secondary)") | K6: =Assumptions!B15 | L6: =G6*K6 | M6: =H6*K6 | N6: FOI by default (Assumptions!B11 = 1). Master-sheet primary (9,445 / 8,160 MT) is available as option 2; its 2025 values equal exactly 40 t/ha × area.
A7: Bolinao | B7: 21825 | C7: 4461917 | D7: 10420307 | G7: =IF(ISNUMBER(E7),E7,B7) | H7: =IF(ISNUMBER(F7),F7,C7) | I7: =IF(ISNUMBER(E7),"Primary","FOI (secondary)") | J7: =IF(ISNUMBER(F7),"Primary","FOI (secondary)") | K7: =Assumptions!B16 | L7: =G7*K7 | M7: =H7*K7 | N7: FOI only; 2024→2025 jump of ×204 indicates reporting expansion, not growth.
A8: Dasol | B8: 579267 | C8: 776414 | D8: 629511 | G8: =IF(ISNUMBER(E8),E8,B8) | H8: =IF(ISNUMBER(F8),F8,C8) | I8: =IF(ISNUMBER(E8),"Primary","FOI (secondary)") | J8: =IF(ISNUMBER(F8),"Primary","FOI (secondary)") | K8: =Assumptions!B17 | L8: =G8*K8 | M8: =H8*K8 | N8: FOI only; ~3% of OPAg 2021 level (Testing T9).
A9: Infanta | B9: 357916 | C9: 1436623 | D9: 928140 | G9: =IF(ISNUMBER(E9),E9,B9) | H9: =IF(ISNUMBER(F9),F9,C9) | I9: =IF(ISNUMBER(E9),"Primary","FOI (secondary)") | J9: =IF(ISNUMBER(F9),"Primary","FOI (secondary)") | K9: =Assumptions!B18 | L9: =G9*K9 | M9: =H9*K9 | N9: FOI only.
A10: San Fabian | B10: 96000 | C10: 70495 | D10: 91975 | E10: =B30*1000 | F10: =B31*1000 | G10: =IF(ISNUMBER(E10),E10,B10) | H10: =IF(ISNUMBER(F10),F10,C10) | I10: =IF(ISNUMBER(E10),"Primary","FOI (secondary)") | J10: =IF(ISNUMBER(F10),"Primary","FOI (secondary)") | K10: =Assumptions!B19 | L10: =G10*K10 | M10: =H10*K10 | N10: Primary = email screenshots (cooked salt, Tiblong).
A11: Total | B11: =SUM(B4:B10) | C11: =SUM(C4:C10) | D11: =SUM(D4:D10) | G11: =SUM(G4:G10) | H11: =SUM(H4:H10) | L11: =SUM(L4:L10) | M11: =SUM(M4:M10)
A12: Published FOI totals | B12: 2266358 | C12: 9755200 | D12: 14981789
A13: Check (computed − published) | B13: =B11-B12 | C13: =C11-C12 | D13: =D11-D12
A16: Bani – primary farm reports (master sheet rows 4–8)
A17: Farm | B17: Total area (ha) | C17: 2024 (MT) | D17: 2025 (MT) | E17: 2024 (t/ha) | F17: 2025 (t/ha)
A18: Borlongan Aqua Farm / Hernandez Salt Farm | B18: 48 | C18: 2160 | D18: 1920 | E18: =IF(C18>0,C18/B18,"") | F18: =IF(D18>0,D18/B18,"")
A19: Salud Ilao Salt Farm | B19: 12 | C19: 238.49 | D19: 480 | E19: =IF(C19>0,C19/B19,"") | F19: =IF(D19>0,D19/B19,"")
A20: Armida Salt Farm | B20: 38 | C20: 1505.56 | D20: 1520 | E20: =IF(C20>0,C20/B20,"") | F20: =IF(D20>0,D20/B20,"")
A21: Abesamins Salt Farm | B21: 106 | C21: 5064.64 | D21: 4240 | E21: =IF(C21>0,C21/B21,"") | F21: =IF(D21>0,D21/B21,"")
A22: Aquino Mudsalt | B22: 7 | C22: 476 | D22: 0 | E22: =IF(C22>0,C22/B22,"") | F22: =IF(D22>0,D22/B22,"")
A23: Total | B23: =SUM(B18:B22) | C23: =SUM(C18:C22) | D23: =SUM(D18:D22)
A24: Active area 2025 (farms with 2025 output > 0) | B24: =SUMIF(D18:D22,">0",B18:B22)
A25: Aquino Mudsalt recorded 'Stop operation (2025)' – entered as 0 MT for 2025.
A27: San Fabian (Tiblong) – primary records from email screenshots
A28: Year | B28: Production (MT) | C28: Production area (ha) | D28: Note
A29: 2023 | B29: 84 | C29: 0.04
A30: 2024 | B30: 103.5 | C30: 0.04
A31: 2025 | B31: 106 | C31: 0.06
A32: 2026 | C32: 0.06 | D32: Ongoing data collection
A33: Method: cooked salt / brine boiling · Season: November–May · 2 operators · email states '97 MT ave.' (mean of 2023–2025 = 97.8 MT).
A35: San Fabian hybrid series – primary where available, FOI fills missing values
A36: Year | B36: Primary (kg) | C36: FOI (kg) | D36: Hybrid used (kg) | E36: Basis | F36: Note
A37: 2023 | B37: =IF(ISNUMBER(B29),B29*1000,"") | D37: =IF(ISNUMBER(B37),B37,IF(ISNUMBER(C37),IF(Assumptions!$B$24=2,C37*$B$42,C37),"")) | E37: =IF(ISNUMBER(B37),"Primary",IF(ISNUMBER(C37),IF(Assumptions!$B$24=2,"FOI scaled (fill)","FOI as reported (fill)"),"missing")) | F37: No FOI value; primary only
A38: 2024 | B38: =IF(ISNUMBER(B30),B30*1000,"") | C38: =B10 | D38: =IF(ISNUMBER(B38),B38,IF(ISNUMBER(C38),IF(Assumptions!$B$24=2,C38*$B$42,C38),"")) | E38: =IF(ISNUMBER(B38),"Primary",IF(ISNUMBER(C38),IF(Assumptions!$B$24=2,"FOI scaled (fill)","FOI as reported (fill)"),"missing")) | F38: Both available; primary used
A39: 2025 | B39: =IF(ISNUMBER(B31),B31*1000,"") | C39: =C10 | D39: =IF(ISNUMBER(B39),B39,IF(ISNUMBER(C39),IF(Assumptions!$B$24=2,C39*$B$42,C39),"")) | E39: =IF(ISNUMBER(B39),"Primary",IF(ISNUMBER(C39),IF(Assumptions!$B$24=2,"FOI scaled (fill)","FOI as reported (fill)"),"missing")) | F39: Both available; primary used
A40: 2026 | B40: =IF(ISNUMBER(B32),B32*1000,"") | C40: =D10 | D40: =IF(ISNUMBER(B40),B40,IF(ISNUMBER(C40),IF(Assumptions!$B$24=2,C40*$B$42,C40),"")) | E40: =IF(ISNUMBER(B40),"Primary",IF(ISNUMBER(C40),IF(Assumptions!$B$24=2,"FOI scaled (fill)","FOI as reported (fill)"),"missing")) | F40: Primary 'ongoing data collection'; FOI fills, provisional (partial year)
A42: Primary ÷ FOI, overlapping years 2024–2025 (ratio of sums) | B42: =(B38+B39)/(C38+C39)

Sheet Salt_Beds
A1: Estimated number of salt beds per municipality
A2: N = annual production ÷ x. Alaminos City is the surveyed count (observed), all others are estimates.
A4: x used (kg/bed/yr) | B4: =Assumptions!B7
A5: x 2025 | B5: =Alaminos_Beds!B9
A6: x 2026 (provisional) | B6: =Alaminos_Beds!B10
A7: x legacy (handwritten) | B7: =Alaminos_Beds!B12
A8: Average bed area (m²) | B8: =Alaminos_Beds!B6
A11: Municipality | B11: Annual production used 2025 (kg) | C11: Source | D11: Estimated salt beds 2025 (base) | E11: Low (x = higher of 2025/2026) | F11: High (x = lower of 2025/2026) | G11: Beds if legacy x = 310.61 | H11: Beds implied by 2024 production | I11: Reported production area (ha) | J11: Implied bed area (ha) | K11: Implied ÷ reported | L11: Area-based bed count | M11: Area check | N11: Confidence
A12: Alaminos City | B12: =Annual_Production!M4 | C12: =Annual_Production!J4 | D12: =Alaminos_Beds!B4 | E12: =Alaminos_Beds!B4 | F12: =Alaminos_Beds!B4 | G12: =Assumptions!B9 | H12: =Annual_Production!L4/$B$4 | I12: =Alaminos_Beds!B5 | J12: =D12*$B$8/10000 | K12: =J12/I12 | L12: =I12*10000/$B$8 | M12: =IF(K12<=1.05,"Consistent","Exceeds reported area") | N12: High: beds observed; output primary, within 3% of FOI
A13: Anda | B13: =Annual_Production!M5 | C13: =Annual_Production!J5 | D13: =B13/$B$4 | E13: =B13/MAX($B$5,$B$6) | F13: =B13/MIN($B$5,$B$6) | G13: =B13/$B$7 | H13: =Annual_Production!L5/$B$4 | I13: n/a | J13: =D13*$B$8/10000 | K13: n/a | L13: n/a | M13: n/a | N13: Low–Medium: FOI only, coverage unverified
A14: Bani | B14: =Annual_Production!M6 | C14: =Annual_Production!J6 | D14: =B14/$B$4 | E14: =B14/MAX($B$5,$B$6) | F14: =B14/MIN($B$5,$B$6) | G14: =B14/$B$7 | H14: =Annual_Production!L6/$B$4 | I14: =Annual_Production!B24 | J14: =D14*$B$8/10000 | K14: =J14/I14 | L14: =I14*10000/$B$8 | M14: =IF(K14<=1.05,"Consistent","Exceeds reported area") | N14: Low–Medium: FOI basis; master sheet reports ~13× more (selector B11)
A15: Bolinao | B15: =Annual_Production!M7 | C15: =Annual_Production!J7 | D15: =B15/$B$4 | E15: =B15/MAX($B$5,$B$6) | F15: =B15/MIN($B$5,$B$6) | G15: =B15/$B$7 | H15: =Annual_Production!L7/$B$4 | I15: n/a | J15: =D15*$B$8/10000 | K15: n/a | L15: n/a | M15: n/a | N15: Low–Medium: FOI only, coverage unverified
A16: Dasol | B16: =Annual_Production!M8 | C16: =Annual_Production!J8 | D16: =B16/$B$4 | E16: =B16/MAX($B$5,$B$6) | F16: =B16/MIN($B$5,$B$6) | G16: =B16/$B$7 | H16: =Annual_Production!L8/$B$4 | I16: n/a | J16: =D16*$B$8/10000 | K16: n/a | L16: n/a | M16: n/a | N16: Low: FOI ≈ 3% of OPAg 2021; larger banigan reported
A17: Infanta | B17: =Annual_Production!M9 | C17: =Annual_Production!J9 | D17: =B17/$B$4 | E17: =B17/MAX($B$5,$B$6) | F17: =B17/MIN($B$5,$B$6) | G17: =B17/$B$7 | H17: =Annual_Production!L9/$B$4 | I17: n/a | J17: =D17*$B$8/10000 | K17: n/a | L17: n/a | M17: n/a | N17: Low–Medium: FOI only
A18: San Fabian | B18: =Annual_Production!M10 | C18: =Annual_Production!J10 | D18: =B18/$B$4 | E18: =B18/MAX($B$5,$B$6) | F18: =B18/MIN($B$5,$B$6) | G18: =B18/$B$7 | H18: =Annual_Production!L10/$B$4 | I18: =Annual_Production!C31 | J18: =D18*$B$8/10000 | K18: =J18/I18 | L18: =I18*10000/$B$8 | M18: n/a – cooked salt is not area-bound | N18: Annual: High · bed count: Low (cooked salt, 'bed-equivalent')
A19: Total | B19: =SUM(B12:B18) | D19: =SUM(D12:D18) | E19: =SUM(E12:E18) | F19: =SUM(F12:F18) | G19: =SUM(G12:G18) | H19: =SUM(H12:H18) | J19: =SUM(J12:J18)
A21: San Fabian beds are 'bed-equivalents': cooked (brine-boiling) salt is not area-bound, and 734 solar-size beds would need ≈2.6 ha against 0.06 ha reported. Use the area-based count (≈17) only if a literal bed count is needed.
A22: Bani on the FOI basis implies only ≈7% of its reported 204 ha as bed surface; on the primary basis (Assumptions!B11 = 2) it implies ≈98%, but that output is itself 40 t/ha × area (circular).
A23: Column H applies x to 2024 production; for Alaminos it gives 3,092 vs 7,410 surveyed. FOI 2024 covers assisted associations only, so 2024 bed counts are under-estimates.
A24: Alaminos annual production from the primary master-sheet rates (Assumptions!B23 = 2) is within 3% of FOI, so x calibrated on FOI (144.36) and on primary (Assumptions!B26, 148.35) agree (Testing T10).

Sheet Seasonal_Profile
A1: Seasonal profile of provincial production
A2: Source: FOI RS3969 (2024, assisted associations only) and RS4760 (2025, assisted + non-assisted). 2023 has Jul–Dec only and is not used.
A3: Series | B3: Jan | C3: Feb | D3: Mar | E3: Apr | F3: May | G3: Jun | H3: Jul | I3: Aug | J3: Sep | K3: Oct | L3: Nov | M3: Dec | N3: Total
A4: Provincial monthly volume 2024 (kg) | B4: 222196 | C4: 42396 | D4: 392226 | E4: 579850 | F4: 700550 | G4: 255650 | H4: 28600 | I4: 28950 | J4: 29250 | K4: 25300 | L4: 25050 | M4: 24700 | N4: =SUM(B4:M4)
A5: Provincial monthly volume 2025 (kg) | B5: 24550 | C5: 62132 | D5: 536165 | E5: 3740899 | F5: 2853521 | G5: 1425330 | H5: 399657 | I5: 94240 | J5: 164851 | K5: 190790 | L5: 230615 | M5: 304453 | N5: =SUM(B5:M5)
A7: Monthly share of annual total
A8: Observed share 2024 | B8: =B4/$N4 | C8: =C4/$N4 | D8: =D4/$N4 | E8: =E4/$N4 | F8: =F4/$N4 | G8: =G4/$N4 | H8: =H4/$N4 | I8: =I4/$N4 | ... M8: =M4/$N4 | N8: =SUM(B8:M8)
A9: Observed share 2025 | B9: =B5/$N5 | C9: =C5/$N5 | D9: =D5/$N5 | E9: =E5/$N5 | F9: =F5/$N5 | G9: =G5/$N5 | H9: =H5/$N5 | I9: =I5/$N5 | ... M9: =M5/$N5 | N9: =SUM(B9:M9)
A10: Pooled share (mean of 2024 and 2025) | B10: =AVERAGE(B8,B9) | C10: =AVERAGE(C8,C9) | D10: =AVERAGE(D8,D9) | E10: =AVERAGE(E8,E9) | F10: =AVERAGE(F8,F9) | G10: =AVERAGE(G8,G9) | H10: =AVERAGE(H8,H9) | I10: =AVERAGE(I8,I9) | ... M10: =AVERAGE(M8,M9) | N10: =SUM(B10:M10)
A11: Linear arithmetic (a1 + (j−1)·d) | B11: =$B$14+0*$B$15 | C11: =$B$14+1*$B$15 | D11: =$B$14+2*$B$15 | E11: =$B$14+3*$B$15 | F11: =$B$14+4*$B$15 | G11: =$B$14+5*$B$15 | H11: =$B$14+6*$B$15 | I11: =$B$14+7*$B$15 | J11: =$B$14+8*$B$15 | K11: =$B$14+9*$B$15 | L11: =$B$14+10*$B$15 | M11: =$B$14+11*$B$15 | N11: =SUM(B11:M11)
A12: Uniform (1/12) | B12: =1/12 | C12: =1/12 | D12: =1/12 | E12: =1/12 | F12: =1/12 | G12: =1/12 | H12: =1/12 | I12: =1/12 | ... M12: =1/12 | N12: =SUM(B12:M12)
A14: a1 (first-month share) | B14: =Assumptions!B6
A15: d = (1 − 12·a1) ÷ 66 (common difference) | B15: =(1-12*B14)/66
A17: Reconciliation of monthly vs municipal totals
A18: Year | B18: Sum of monthly series (kg) | C18: Sum of municipal table (kg) | D18: Difference (kg) | E18: Difference (%)
A19: 2024 | B19: =N4 | C19: =Annual_Production!B11 | D19: =B19-C19 | E19: =D19/C19
A20: 2025 | B20: =N5 | C20: =Annual_Production!C11 | D20: =B20-C20 | E20: =D20/C20
A21: 2024: the monthly file says 'assisted only' yet exceeds the municipal table that says 'assisted and non-assisted' – the notes on the two FOI files appear swapped or inconsistent.

Sheet Shares
A1: Monthly share applied to each municipality-year
A2: Selected by Assumptions!B5. Windowed municipalities (flag = 1) split evenly across their primary-stated production months.
A3: Municipality | B3: Year | C3: Use window | D3: Jan | E3: Feb | F3: Mar | G3: Apr | H3: May | I3: Jun | J3: Jul | K3: Aug | L3: Sep | M3: Oct | N3: Nov | O3: Dec | P3: Sum
A4: Alaminos City | B4: 2024 | C4: =Assumptions!C13 | D4: =IF(SUM(Monthly_Override!$C4:$N4)>0,Monthly_Override!C4/SUM(Monthly_Override!$C4:$N4),IF(Assumptions!$B$5=3,Seasonal_Profile!B$11,IF($C4=1,IF(Assumptions!$B$10=2,Assumptions!D$13*IF(Assumptions!$B$5=1,Seasonal_Profile!B$8,Seasonal_Profile!B$10)/IF(Assumptions!$B$5=1,SUMPRODUCT(Assumptions!$D$13:$O$13,Seasonal_Profile!$B$8:$M$8),SUMPRODUCT(Assumptions!$D$13:$O$13,Seasonal_Profile!$B$10:$M$10)),Assumptions!D$13/SUM(Assumptions!$D$13:$O$13)),IF(Assumptions!$B$5=1,Seasonal_Profile!B$8,Seasonal_Profile!B$10)))) | E4: =IF(SUM(Monthly_Override!$C4:$N4)>0,Monthly_Override!D4/SUM(Monthly_Override!$C4:$N4),IF(Assumptions!$B$5=3,Seasonal_Profile!C$11,IF($C4=1,IF(Assumptions!$B$10=2,Assumptions!E$13*IF(Assumptions!$B$5=1,Seasonal_Profile!C$8,Seasonal_Profile!C$10)/IF(Assumptions!$B$5=1,SUMPRODUCT(Assumptions!$D$13:$O$13,Seasonal_Profile!$B$8:$M$8),SUMPRODUCT(Assumptions!$D$13:$O$13,Seasonal_Profile!$B$10:$M$10)),Assumptions!E$13/SUM(Assumptions!$D$13:$O$13)),IF(Assumptions!$B$5=1,Seasonal_Profile!C$8,Seasonal_Profile!C$10)))) | F4: =IF(SUM(Monthly_Override!$C4:$N4)>0,Monthly_Override!E4/SUM(Monthly_Override!$C4:$N4),IF(Assumptions!$B$5=3,Seasonal_Profile!D$11,IF($C4=1,IF(Assumptions!$B$10=2,Assumptions!F$13*IF(Assumptions!$B$5=1,Seasonal_Profile!D$8,Seasonal_Profile!D$10)/IF(Assumptions!$B$5=1,SUMPRODUCT(Assumptions!$D$13:$O$13,Seasonal_Profile!$B$8:$M$8),SUMPRODUCT(Assumptions!$D$13:$O$13,Seasonal_Profile!$B$10:$M$10)),Assumptions!F$13/SUM(Assumptions!$D$13:$O$13)),IF(Assumptions!$B$5=1,Seasonal_Profile!D$8,Seasonal_Profile!D$10)))) | G4: =IF(SUM(Monthly_Override!$C4:$N4)>0,Monthly_Override!F4/SUM(Monthly_Override!$C4:$N4),IF(Assumptions!$B$5=3,Seasonal_Profile!E$11,IF($C4=1,IF(Assumptions!$B$10=2,Assumptions!G$13*IF(Assumptions!$B$5=1,Seasonal_Profile!E$8,Seasonal_Profile!E$10)/IF(Assumptions!$B$5=1,SUMPRODUCT(Assumptions!$D$13:$O$13,Seasonal_Profile!$B$8:$M$8),SUMPRODUCT(Assumptions!$D$13:$O$13,Seasonal_Profile!$B$10:$M$10)),Assumptions!G$13/SUM(Assumptions!$D$13:$O$13)),IF(Assumptions!$B$5=1,Seasonal_Profile!E$8,Seasonal_Profile!E$10)))) | H4: =IF(SUM(Monthly_Override!$C4:$N4)>0,Monthly_Override!G4/SUM(Monthly_Override!$C4:$N4),IF(Assumptions!$B$5=3,Seasonal_Profile!F$11,IF($C4=1,IF(Assumptions!$B$10=2,Assumptions!H$13*IF(Assumptions!$B$5=1,Seasonal_Profile!F$8,Seasonal_Profile!F$10)/IF(Assumptions!$B$5=1,SUMPRODUCT(Assumptions!$D$13:$O$13,Seasonal_Profile!$B$8:$M$8),SUMPRODUCT(Assumptions!$D$13:$O$13,Seasonal_Profile!$B$10:$M$10)),Assumptions!H$13/SUM(Assumptions!$D$13:$O$13)),IF(Assumptions!$B$5=1,Seasonal_Profile!F$8,Seasonal_Profile!F$10)))) | I4: =IF(SUM(Monthly_Override!$C4:$N4)>0,Monthly_Override!H4/SUM(Monthly_Override!$C4:$N4),IF(Assumptions!$B$5=3,Seasonal_Profile!G$11,IF($C4=1,IF(Assumptions!$B$10=2,Assumptions!I$13*IF(Assumptions!$B$5=1,Seasonal_Profile!G$8,Seasonal_Profile!G$10)/IF(Assumptions!$B$5=1,SUMPRODUCT(Assumptions!$D$13:$O$13,Seasonal_Profile!$B$8:$M$8),SUMPRODUCT(Assumptions!$D$13:$O$13,Seasonal_Profile!$B$10:$M$10)),Assumptions!I$13/SUM(Assumptions!$D$13:$O$13)),IF(Assumptions!$B$5=1,Seasonal_Profile!G$8,Seasonal_Profile!G$10)))) | J4: =IF(SUM(Monthly_Override!$C4:$N4)>0,Monthly_Override!I4/SUM(Monthly_Override!$C4:$N4),IF(Assumptions!$B$5=3,Seasonal_Profile!H$11,IF($C4=1,IF(Assumptions!$B$10=2,Assumptions!J$13*IF(Assumptions!$B$5=1,Seasonal_Profile!H$8,Seasonal_Profile!H$10)/IF(Assumptions!$B$5=1,SUMPRODUCT(Assumptions!$D$13:$O$13,Seasonal_Profile!$B$8:$M$8),SUMPRODUCT(Assumptions!$D$13:$O$13,Seasonal_Profile!$B$10:$M$10)),Assumptions!J$13/SUM(Assumptions!$D$13:$O$13)),IF(Assumptions!$B$5=1,Seasonal_Profile!H$8,Seasonal_Profile!H$10)))) | K4: =IF(SUM(Monthly_Override!$C4:$N4)>0,Monthly_Override!J4/SUM(Monthly_Override!$C4:$N4),IF(Assumptions!$B$5=3,Seasonal_Profile!I$11,IF($C4=1,IF(Assumptions!$B$10=2,Assumptions!K$13*IF(Assumptions!$B$5=1,Seasonal_Profile!I$8,Seasonal_Profile!I$10)/IF(Assumptions!$B$5=1,SUMPRODUCT(Assumptions!$D$13:$O$13,Seasonal_Profile!$B$8:$M$8),SUMPRODUCT(Assumptions!$D$13:$O$13,Seasonal_Profile!$B$10:$M$10)),Assumptions!K$13/SUM(Assumptions!$D$13:$O$13)),IF(Assumptions!$B$5=1,Seasonal_Profile!I$8,Seasonal_Profile!I$10)))) | ... O4: =IF(SUM(Monthly_Override!$C4:$N4)>0,Monthly_Override!N4/SUM(Monthly_Override!$C4:$N4),IF(Assumptions!$B$5=3,Seasonal_Profile!M$11,IF($C4=1,IF(Assumptions!$B$10=2,Assumptions!O$13*IF(Assumptions!$B$5=1,Seasonal_Profile!M$8,Seasonal_Profile!M$10)/IF(Assumptions!$B$5=1,SUMPRODUCT(Assumptions!$D$13:$O$13,Seasonal_Profile!$B$8:$M$8),SUMPRODUCT(Assumptions!$D$13:$O$13,Seasonal_Profile!$B$10:$M$10)),Assumptions!O$13/SUM(Assumptions!$D$13:$O$13)),IF(Assumptions!$B$5=1,Seasonal_Profile!M$8,Seasonal_Profile!M$10)))) | P4: =SUM(D4:O4)
A5: Anda | B5: 2024 | C5: =Assumptions!C14 | D5: =IF(SUM(Monthly_Override!$C5:$N5)>0,Monthly_Override!C5/SUM(Monthly_Override!$C5:$N5),IF(Assumptions!$B$5=3,Seasonal_Profile!B$11,IF($C5=1,IF(Assumptions!$B$10=2,Assumptions!D$14*IF(Assumptions!$B$5=1,Seasonal_Profile!B$8,Seasonal_Profile!B$10)/IF(Assumptions!$B$5=1,SUMPRODUCT(Assumptions!$D$14:$O$14,Seasonal_Profile!$B$8:$M$8),SUMPRODUCT(Assumptions!$D$14:$O$14,Seasonal_Profile!$B$10:$M$10)),Assumptions!D$14/SUM(Assumptions!$D$14:$O$14)),IF(Assumptions!$B$5=1,Seasonal_Profile!B$8,Seasonal_Profile!B$10)))) | E5: =IF(SUM(Monthly_Override!$C5:$N5)>0,Monthly_Override!D5/SUM(Monthly_Override!$C5:$N5),IF(Assumptions!$B$5=3,Seasonal_Profile!C$11,IF($C5=1,IF(Assumptions!$B$10=2,Assumptions!E$14*IF(Assumptions!$B$5=1,Seasonal_Profile!C$8,Seasonal_Profile!C$10)/IF(Assumptions!$B$5=1,SUMPRODUCT(Assumptions!$D$14:$O$14,Seasonal_Profile!$B$8:$M$8),SUMPRODUCT(Assumptions!$D$14:$O$14,Seasonal_Profile!$B$10:$M$10)),Assumptions!E$14/SUM(Assumptions!$D$14:$O$14)),IF(Assumptions!$B$5=1,Seasonal_Profile!C$8,Seasonal_Profile!C$10)))) | F5: =IF(SUM(Monthly_Override!$C5:$N5)>0,Monthly_Override!E5/SUM(Monthly_Override!$C5:$N5),IF(Assumptions!$B$5=3,Seasonal_Profile!D$11,IF($C5=1,IF(Assumptions!$B$10=2,Assumptions!F$14*IF(Assumptions!$B$5=1,Seasonal_Profile!D$8,Seasonal_Profile!D$10)/IF(Assumptions!$B$5=1,SUMPRODUCT(Assumptions!$D$14:$O$14,Seasonal_Profile!$B$8:$M$8),SUMPRODUCT(Assumptions!$D$14:$O$14,Seasonal_Profile!$B$10:$M$10)),Assumptions!F$14/SUM(Assumptions!$D$14:$O$14)),IF(Assumptions!$B$5=1,Seasonal_Profile!D$8,Seasonal_Profile!D$10)))) | G5: =IF(SUM(Monthly_Override!$C5:$N5)>0,Monthly_Override!F5/SUM(Monthly_Override!$C5:$N5),IF(Assumptions!$B$5=3,Seasonal_Profile!E$11,IF($C5=1,IF(Assumptions!$B$10=2,Assumptions!G$14*IF(Assumptions!$B$5=1,Seasonal_Profile!E$8,Seasonal_Profile!E$10)/IF(Assumptions!$B$5=1,SUMPRODUCT(Assumptions!$D$14:$O$14,Seasonal_Profile!$B$8:$M$8),SUMPRODUCT(Assumptions!$D$14:$O$14,Seasonal_Profile!$B$10:$M$10)),Assumptions!G$14/SUM(Assumptions!$D$14:$O$14)),IF(Assumptions!$B$5=1,Seasonal_Profile!E$8,Seasonal_Profile!E$10)))) | H5: =IF(SUM(Monthly_Override!$C5:$N5)>0,Monthly_Override!G5/SUM(Monthly_Override!$C5:$N5),IF(Assumptions!$B$5=3,Seasonal_Profile!F$11,IF($C5=1,IF(Assumptions!$B$10=2,Assumptions!H$14*IF(Assumptions!$B$5=1,Seasonal_Profile!F$8,Seasonal_Profile!F$10)/IF(Assumptions!$B$5=1,SUMPRODUCT(Assumptions!$D$14:$O$14,Seasonal_Profile!$B$8:$M$8),SUMPRODUCT(Assumptions!$D$14:$O$14,Seasonal_Profile!$B$10:$M$10)),Assumptions!H$14/SUM(Assumptions!$D$14:$O$14)),IF(Assumptions!$B$5=1,Seasonal_Profile!F$8,Seasonal_Profile!F$10)))) | I5: =IF(SUM(Monthly_Override!$C5:$N5)>0,Monthly_Override!H5/SUM(Monthly_Override!$C5:$N5),IF(Assumptions!$B$5=3,Seasonal_Profile!G$11,IF($C5=1,IF(Assumptions!$B$10=2,Assumptions!I$14*IF(Assumptions!$B$5=1,Seasonal_Profile!G$8,Seasonal_Profile!G$10)/IF(Assumptions!$B$5=1,SUMPRODUCT(Assumptions!$D$14:$O$14,Seasonal_Profile!$B$8:$M$8),SUMPRODUCT(Assumptions!$D$14:$O$14,Seasonal_Profile!$B$10:$M$10)),Assumptions!I$14/SUM(Assumptions!$D$14:$O$14)),IF(Assumptions!$B$5=1,Seasonal_Profile!G$8,Seasonal_Profile!G$10)))) | J5: =IF(SUM(Monthly_Override!$C5:$N5)>0,Monthly_Override!I5/SUM(Monthly_Override!$C5:$N5),IF(Assumptions!$B$5=3,Seasonal_Profile!H$11,IF($C5=1,IF(Assumptions!$B$10=2,Assumptions!J$14*IF(Assumptions!$B$5=1,Seasonal_Profile!H$8,Seasonal_Profile!H$10)/IF(Assumptions!$B$5=1,SUMPRODUCT(Assumptions!$D$14:$O$14,Seasonal_Profile!$B$8:$M$8),SUMPRODUCT(Assumptions!$D$14:$O$14,Seasonal_Profile!$B$10:$M$10)),Assumptions!J$14/SUM(Assumptions!$D$14:$O$14)),IF(Assumptions!$B$5=1,Seasonal_Profile!H$8,Seasonal_Profile!H$10)))) | K5: =IF(SUM(Monthly_Override!$C5:$N5)>0,Monthly_Override!J5/SUM(Monthly_Override!$C5:$N5),IF(Assumptions!$B$5=3,Seasonal_Profile!I$11,IF($C5=1,IF(Assumptions!$B$10=2,Assumptions!K$14*IF(Assumptions!$B$5=1,Seasonal_Profile!I$8,Seasonal_Profile!I$10)/IF(Assumptions!$B$5=1,SUMPRODUCT(Assumptions!$D$14:$O$14,Seasonal_Profile!$B$8:$M$8),SUMPRODUCT(Assumptions!$D$14:$O$14,Seasonal_Profile!$B$10:$M$10)),Assumptions!K$14/SUM(Assumptions!$D$14:$O$14)),IF(Assumptions!$B$5=1,Seasonal_Profile!I$8,Seasonal_Profile!I$10)))) | ... O5: =IF(SUM(Monthly_Override!$C5:$N5)>0,Monthly_Override!N5/SUM(Monthly_Override!$C5:$N5),IF(Assumptions!$B$5=3,Seasonal_Profile!M$11,IF($C5=1,IF(Assumptions!$B$10=2,Assumptions!O$14*IF(Assumptions!$B$5=1,Seasonal_Profile!M$8,Seasonal_Profile!M$10)/IF(Assumptions!$B$5=1,SUMPRODUCT(Assumptions!$D$14:$O$14,Seasonal_Profile!$B$8:$M$8),SUMPRODUCT(Assumptions!$D$14:$O$14,Seasonal_Profile!$B$10:$M$10)),Assumptions!O$14/SUM(Assumptions!$D$14:$O$14)),IF(Assumptions!$B$5=1,Seasonal_Profile!M$8,Seasonal_Profile!M$10)))) | P5: =SUM(D5:O5)
A6: Bani | B6: 2024 | C6: =Assumptions!C15 | D6: =IF(SUM(Monthly_Override!$C6:$N6)>0,Monthly_Override!C6/SUM(Monthly_Override!$C6:$N6),IF(Assumptions!$B$5=3,Seasonal_Profile!B$11,IF($C6=1,IF(Assumptions!$B$10=2,Assumptions!D$15*IF(Assumptions!$B$5=1,Seasonal_Profile!B$8,Seasonal_Profile!B$10)/IF(Assumptions!$B$5=1,SUMPRODUCT(Assumptions!$D$15:$O$15,Seasonal_Profile!$B$8:$M$8),SUMPRODUCT(Assumptions!$D$15:$O$15,Seasonal_Profile!$B$10:$M$10)),Assumptions!D$15/SUM(Assumptions!$D$15:$O$15)),IF(Assumptions!$B$5=1,Seasonal_Profile!B$8,Seasonal_Profile!B$10)))) | E6: =IF(SUM(Monthly_Override!$C6:$N6)>0,Monthly_Override!D6/SUM(Monthly_Override!$C6:$N6),IF(Assumptions!$B$5=3,Seasonal_Profile!C$11,IF($C6=1,IF(Assumptions!$B$10=2,Assumptions!E$15*IF(Assumptions!$B$5=1,Seasonal_Profile!C$8,Seasonal_Profile!C$10)/IF(Assumptions!$B$5=1,SUMPRODUCT(Assumptions!$D$15:$O$15,Seasonal_Profile!$B$8:$M$8),SUMPRODUCT(Assumptions!$D$15:$O$15,Seasonal_Profile!$B$10:$M$10)),Assumptions!E$15/SUM(Assumptions!$D$15:$O$15)),IF(Assumptions!$B$5=1,Seasonal_Profile!C$8,Seasonal_Profile!C$10)))) | F6: =IF(SUM(Monthly_Override!$C6:$N6)>0,Monthly_Override!E6/SUM(Monthly_Override!$C6:$N6),IF(Assumptions!$B$5=3,Seasonal_Profile!D$11,IF($C6=1,IF(Assumptions!$B$10=2,Assumptions!F$15*IF(Assumptions!$B$5=1,Seasonal_Profile!D$8,Seasonal_Profile!D$10)/IF(Assumptions!$B$5=1,SUMPRODUCT(Assumptions!$D$15:$O$15,Seasonal_Profile!$B$8:$M$8),SUMPRODUCT(Assumptions!$D$15:$O$15,Seasonal_Profile!$B$10:$M$10)),Assumptions!F$15/SUM(Assumptions!$D$15:$O$15)),IF(Assumptions!$B$5=1,Seasonal_Profile!D$8,Seasonal_Profile!D$10)))) | G6: =IF(SUM(Monthly_Override!$C6:$N6)>0,Monthly_Override!F6/SUM(Monthly_Override!$C6:$N6),IF(Assumptions!$B$5=3,Seasonal_Profile!E$11,IF($C6=1,IF(Assumptions!$B$10=2,Assumptions!G$15*IF(Assumptions!$B$5=1,Seasonal_Profile!E$8,Seasonal_Profile!E$10)/IF(Assumptions!$B$5=1,SUMPRODUCT(Assumptions!$D$15:$O$15,Seasonal_Profile!$B$8:$M$8),SUMPRODUCT(Assumptions!$D$15:$O$15,Seasonal_Profile!$B$10:$M$10)),Assumptions!G$15/SUM(Assumptions!$D$15:$O$15)),IF(Assumptions!$B$5=1,Seasonal_Profile!E$8,Seasonal_Profile!E$10)))) | H6: =IF(SUM(Monthly_Override!$C6:$N6)>0,Monthly_Override!G6/SUM(Monthly_Override!$C6:$N6),IF(Assumptions!$B$5=3,Seasonal_Profile!F$11,IF($C6=1,IF(Assumptions!$B$10=2,Assumptions!H$15*IF(Assumptions!$B$5=1,Seasonal_Profile!F$8,Seasonal_Profile!F$10)/IF(Assumptions!$B$5=1,SUMPRODUCT(Assumptions!$D$15:$O$15,Seasonal_Profile!$B$8:$M$8),SUMPRODUCT(Assumptions!$D$15:$O$15,Seasonal_Profile!$B$10:$M$10)),Assumptions!H$15/SUM(Assumptions!$D$15:$O$15)),IF(Assumptions!$B$5=1,Seasonal_Profile!F$8,Seasonal_Profile!F$10)))) | I6: =IF(SUM(Monthly_Override!$C6:$N6)>0,Monthly_Override!H6/SUM(Monthly_Override!$C6:$N6),IF(Assumptions!$B$5=3,Seasonal_Profile!G$11,IF($C6=1,IF(Assumptions!$B$10=2,Assumptions!I$15*IF(Assumptions!$B$5=1,Seasonal_Profile!G$8,Seasonal_Profile!G$10)/IF(Assumptions!$B$5=1,SUMPRODUCT(Assumptions!$D$15:$O$15,Seasonal_Profile!$B$8:$M$8),SUMPRODUCT(Assumptions!$D$15:$O$15,Seasonal_Profile!$B$10:$M$10)),Assumptions!I$15/SUM(Assumptions!$D$15:$O$15)),IF(Assumptions!$B$5=1,Seasonal_Profile!G$8,Seasonal_Profile!G$10)))) | J6: =IF(SUM(Monthly_Override!$C6:$N6)>0,Monthly_Override!I6/SUM(Monthly_Override!$C6:$N6),IF(Assumptions!$B$5=3,Seasonal_Profile!H$11,IF($C6=1,IF(Assumptions!$B$10=2,Assumptions!J$15*IF(Assumptions!$B$5=1,Seasonal_Profile!H$8,Seasonal_Profile!H$10)/IF(Assumptions!$B$5=1,SUMPRODUCT(Assumptions!$D$15:$O$15,Seasonal_Profile!$B$8:$M$8),SUMPRODUCT(Assumptions!$D$15:$O$15,Seasonal_Profile!$B$10:$M$10)),Assumptions!J$15/SUM(Assumptions!$D$15:$O$15)),IF(Assumptions!$B$5=1,Seasonal_Profile!H$8,Seasonal_Profile!H$10)))) | K6: =IF(SUM(Monthly_Override!$C6:$N6)>0,Monthly_Override!J6/SUM(Monthly_Override!$C6:$N6),IF(Assumptions!$B$5=3,Seasonal_Profile!I$11,IF($C6=1,IF(Assumptions!$B$10=2,Assumptions!K$15*IF(Assumptions!$B$5=1,Seasonal_Profile!I$8,Seasonal_Profile!I$10)/IF(Assumptions!$B$5=1,SUMPRODUCT(Assumptions!$D$15:$O$15,Seasonal_Profile!$B$8:$M$8),SUMPRODUCT(Assumptions!$D$15:$O$15,Seasonal_Profile!$B$10:$M$10)),Assumptions!K$15/SUM(Assumptions!$D$15:$O$15)),IF(Assumptions!$B$5=1,Seasonal_Profile!I$8,Seasonal_Profile!I$10)))) | ... O6: =IF(SUM(Monthly_Override!$C6:$N6)>0,Monthly_Override!N6/SUM(Monthly_Override!$C6:$N6),IF(Assumptions!$B$5=3,Seasonal_Profile!M$11,IF($C6=1,IF(Assumptions!$B$10=2,Assumptions!O$15*IF(Assumptions!$B$5=1,Seasonal_Profile!M$8,Seasonal_Profile!M$10)/IF(Assumptions!$B$5=1,SUMPRODUCT(Assumptions!$D$15:$O$15,Seasonal_Profile!$B$8:$M$8),SUMPRODUCT(Assumptions!$D$15:$O$15,Seasonal_Profile!$B$10:$M$10)),Assumptions!O$15/SUM(Assumptions!$D$15:$O$15)),IF(Assumptions!$B$5=1,Seasonal_Profile!M$8,Seasonal_Profile!M$10)))) | P6: =SUM(D6:O6)
A7: Bolinao | B7: 2024 | C7: =Assumptions!C16 | D7: =IF(SUM(Monthly_Override!$C7:$N7)>0,Monthly_Override!C7/SUM(Monthly_Override!$C7:$N7),IF(Assumptions!$B$5=3,Seasonal_Profile!B$11,IF($C7=1,IF(Assumptions!$B$10=2,Assumptions!D$16*IF(Assumptions!$B$5=1,Seasonal_Profile!B$8,Seasonal_Profile!B$10)/IF(Assumptions!$B$5=1,SUMPRODUCT(Assumptions!$D$16:$O$16,Seasonal_Profile!$B$8:$M$8),SUMPRODUCT(Assumptions!$D$16:$O$16,Seasonal_Profile!$B$10:$M$10)),Assumptions!D$16/SUM(Assumptions!$D$16:$O$16)),IF(Assumptions!$B$5=1,Seasonal_Profile!B$8,Seasonal_Profile!B$10)))) | E7: =IF(SUM(Monthly_Override!$C7:$N7)>0,Monthly_Override!D7/SUM(Monthly_Override!$C7:$N7),IF(Assumptions!$B$5=3,Seasonal_Profile!C$11,IF($C7=1,IF(Assumptions!$B$10=2,Assumptions!E$16*IF(Assumptions!$B$5=1,Seasonal_Profile!C$8,Seasonal_Profile!C$10)/IF(Assumptions!$B$5=1,SUMPRODUCT(Assumptions!$D$16:$O$16,Seasonal_Profile!$B$8:$M$8),SUMPRODUCT(Assumptions!$D$16:$O$16,Seasonal_Profile!$B$10:$M$10)),Assumptions!E$16/SUM(Assumptions!$D$16:$O$16)),IF(Assumptions!$B$5=1,Seasonal_Profile!C$8,Seasonal_Profile!C$10)))) | F7: =IF(SUM(Monthly_Override!$C7:$N7)>0,Monthly_Override!E7/SUM(Monthly_Override!$C7:$N7),IF(Assumptions!$B$5=3,Seasonal_Profile!D$11,IF($C7=1,IF(Assumptions!$B$10=2,Assumptions!F$16*IF(Assumptions!$B$5=1,Seasonal_Profile!D$8,Seasonal_Profile!D$10)/IF(Assumptions!$B$5=1,SUMPRODUCT(Assumptions!$D$16:$O$16,Seasonal_Profile!$B$8:$M$8),SUMPRODUCT(Assumptions!$D$16:$O$16,Seasonal_Profile!$B$10:$M$10)),Assumptions!F$16/SUM(Assumptions!$D$16:$O$16)),IF(Assumptions!$B$5=1,Seasonal_Profile!D$8,Seasonal_Profile!D$10)))) | G7: =IF(SUM(Monthly_Override!$C7:$N7)>0,Monthly_Override!F7/SUM(Monthly_Override!$C7:$N7),IF(Assumptions!$B$5=3,Seasonal_Profile!E$11,IF($C7=1,IF(Assumptions!$B$10=2,Assumptions!G$16*IF(Assumptions!$B$5=1,Seasonal_Profile!E$8,Seasonal_Profile!E$10)/IF(Assumptions!$B$5=1,SUMPRODUCT(Assumptions!$D$16:$O$16,Seasonal_Profile!$B$8:$M$8),SUMPRODUCT(Assumptions!$D$16:$O$16,Seasonal_Profile!$B$10:$M$10)),Assumptions!G$16/SUM(Assumptions!$D$16:$O$16)),IF(Assumptions!$B$5=1,Seasonal_Profile!E$8,Seasonal_Profile!E$10)))) | H7: =IF(SUM(Monthly_Override!$C7:$N7)>0,Monthly_Override!G7/SUM(Monthly_Override!$C7:$N7),IF(Assumptions!$B$5=3,Seasonal_Profile!F$11,IF($C7=1,IF(Assumptions!$B$10=2,Assumptions!H$16*IF(Assumptions!$B$5=1,Seasonal_Profile!F$8,Seasonal_Profile!F$10)/IF(Assumptions!$B$5=1,SUMPRODUCT(Assumptions!$D$16:$O$16,Seasonal_Profile!$B$8:$M$8),SUMPRODUCT(Assumptions!$D$16:$O$16,Seasonal_Profile!$B$10:$M$10)),Assumptions!H$16/SUM(Assumptions!$D$16:$O$16)),IF(Assumptions!$B$5=1,Seasonal_Profile!F$8,Seasonal_Profile!F$10)))) | I7: =IF(SUM(Monthly_Override!$C7:$N7)>0,Monthly_Override!H7/SUM(Monthly_Override!$C7:$N7),IF(Assumptions!$B$5=3,Seasonal_Profile!G$11,IF($C7=1,IF(Assumptions!$B$10=2,Assumptions!I$16*IF(Assumptions!$B$5=1,Seasonal_Profile!G$8,Seasonal_Profile!G$10)/IF(Assumptions!$B$5=1,SUMPRODUCT(Assumptions!$D$16:$O$16,Seasonal_Profile!$B$8:$M$8),SUMPRODUCT(Assumptions!$D$16:$O$16,Seasonal_Profile!$B$10:$M$10)),Assumptions!I$16/SUM(Assumptions!$D$16:$O$16)),IF(Assumptions!$B$5=1,Seasonal_Profile!G$8,Seasonal_Profile!G$10)))) | J7: =IF(SUM(Monthly_Override!$C7:$N7)>0,Monthly_Override!I7/SUM(Monthly_Override!$C7:$N7),IF(Assumptions!$B$5=3,Seasonal_Profile!H$11,IF($C7=1,IF(Assumptions!$B$10=2,Assumptions!J$16*IF(Assumptions!$B$5=1,Seasonal_Profile!H$8,Seasonal_Profile!H$10)/IF(Assumptions!$B$5=1,SUMPRODUCT(Assumptions!$D$16:$O$16,Seasonal_Profile!$B$8:$M$8),SUMPRODUCT(Assumptions!$D$16:$O$16,Seasonal_Profile!$B$10:$M$10)),Assumptions!J$16/SUM(Assumptions!$D$16:$O$16)),IF(Assumptions!$B$5=1,Seasonal_Profile!H$8,Seasonal_Profile!H$10)))) | K7: =IF(SUM(Monthly_Override!$C7:$N7)>0,Monthly_Override!J7/SUM(Monthly_Override!$C7:$N7),IF(Assumptions!$B$5=3,Seasonal_Profile!I$11,IF($C7=1,IF(Assumptions!$B$10=2,Assumptions!K$16*IF(Assumptions!$B$5=1,Seasonal_Profile!I$8,Seasonal_Profile!I$10)/IF(Assumptions!$B$5=1,SUMPRODUCT(Assumptions!$D$16:$O$16,Seasonal_Profile!$B$8:$M$8),SUMPRODUCT(Assumptions!$D$16:$O$16,Seasonal_Profile!$B$10:$M$10)),Assumptions!K$16/SUM(Assumptions!$D$16:$O$16)),IF(Assumptions!$B$5=1,Seasonal_Profile!I$8,Seasonal_Profile!I$10)))) | ... O7: =IF(SUM(Monthly_Override!$C7:$N7)>0,Monthly_Override!N7/SUM(Monthly_Override!$C7:$N7),IF(Assumptions!$B$5=3,Seasonal_Profile!M$11,IF($C7=1,IF(Assumptions!$B$10=2,Assumptions!O$16*IF(Assumptions!$B$5=1,Seasonal_Profile!M$8,Seasonal_Profile!M$10)/IF(Assumptions!$B$5=1,SUMPRODUCT(Assumptions!$D$16:$O$16,Seasonal_Profile!$B$8:$M$8),SUMPRODUCT(Assumptions!$D$16:$O$16,Seasonal_Profile!$B$10:$M$10)),Assumptions!O$16/SUM(Assumptions!$D$16:$O$16)),IF(Assumptions!$B$5=1,Seasonal_Profile!M$8,Seasonal_Profile!M$10)))) | P7: =SUM(D7:O7)
A8: Dasol | B8: 2024 | C8: =Assumptions!C17 | D8: =IF(SUM(Monthly_Override!$C8:$N8)>0,Monthly_Override!C8/SUM(Monthly_Override!$C8:$N8),IF(Assumptions!$B$5=3,Seasonal_Profile!B$11,IF($C8=1,IF(Assumptions!$B$10=2,Assumptions!D$17*IF(Assumptions!$B$5=1,Seasonal_Profile!B$8,Seasonal_Profile!B$10)/IF(Assumptions!$B$5=1,SUMPRODUCT(Assumptions!$D$17:$O$17,Seasonal_Profile!$B$8:$M$8),SUMPRODUCT(Assumptions!$D$17:$O$17,Seasonal_Profile!$B$10:$M$10)),Assumptions!D$17/SUM(Assumptions!$D$17:$O$17)),IF(Assumptions!$B$5=1,Seasonal_Profile!B$8,Seasonal_Profile!B$10)))) | E8: =IF(SUM(Monthly_Override!$C8:$N8)>0,Monthly_Override!D8/SUM(Monthly_Override!$C8:$N8),IF(Assumptions!$B$5=3,Seasonal_Profile!C$11,IF($C8=1,IF(Assumptions!$B$10=2,Assumptions!E$17*IF(Assumptions!$B$5=1,Seasonal_Profile!C$8,Seasonal_Profile!C$10)/IF(Assumptions!$B$5=1,SUMPRODUCT(Assumptions!$D$17:$O$17,Seasonal_Profile!$B$8:$M$8),SUMPRODUCT(Assumptions!$D$17:$O$17,Seasonal_Profile!$B$10:$M$10)),Assumptions!E$17/SUM(Assumptions!$D$17:$O$17)),IF(Assumptions!$B$5=1,Seasonal_Profile!C$8,Seasonal_Profile!C$10)))) | F8: =IF(SUM(Monthly_Override!$C8:$N8)>0,Monthly_Override!E8/SUM(Monthly_Override!$C8:$N8),IF(Assumptions!$B$5=3,Seasonal_Profile!D$11,IF($C8=1,IF(Assumptions!$B$10=2,Assumptions!F$17*IF(Assumptions!$B$5=1,Seasonal_Profile!D$8,Seasonal_Profile!D$10)/IF(Assumptions!$B$5=1,SUMPRODUCT(Assumptions!$D$17:$O$17,Seasonal_Profile!$B$8:$M$8),SUMPRODUCT(Assumptions!$D$17:$O$17,Seasonal_Profile!$B$10:$M$10)),Assumptions!F$17/SUM(Assumptions!$D$17:$O$17)),IF(Assumptions!$B$5=1,Seasonal_Profile!D$8,Seasonal_Profile!D$10)))) | G8: =IF(SUM(Monthly_Override!$C8:$N8)>0,Monthly_Override!F8/SUM(Monthly_Override!$C8:$N8),IF(Assumptions!$B$5=3,Seasonal_Profile!E$11,IF($C8=1,IF(Assumptions!$B$10=2,Assumptions!G$17*IF(Assumptions!$B$5=1,Seasonal_Profile!E$8,Seasonal_Profile!E$10)/IF(Assumptions!$B$5=1,SUMPRODUCT(Assumptions!$D$17:$O$17,Seasonal_Profile!$B$8:$M$8),SUMPRODUCT(Assumptions!$D$17:$O$17,Seasonal_Profile!$B$10:$M$10)),Assumptions!G$17/SUM(Assumptions!$D$17:$O$17)),IF(Assumptions!$B$5=1,Seasonal_Profile!E$8,Seasonal_Profile!E$10)))) | H8: =IF(SUM(Monthly_Override!$C8:$N8)>0,Monthly_Override!G8/SUM(Monthly_Override!$C8:$N8),IF(Assumptions!$B$5=3,Seasonal_Profile!F$11,IF($C8=1,IF(Assumptions!$B$10=2,Assumptions!H$17*IF(Assumptions!$B$5=1,Seasonal_Profile!F$8,Seasonal_Profile!F$10)/IF(Assumptions!$B$5=1,SUMPRODUCT(Assumptions!$D$17:$O$17,Seasonal_Profile!$B$8:$M$8),SUMPRODUCT(Assumptions!$D$17:$O$17,Seasonal_Profile!$B$10:$M$10)),Assumptions!H$17/SUM(Assumptions!$D$17:$O$17)),IF(Assumptions!$B$5=1,Seasonal_Profile!F$8,Seasonal_Profile!F$10)))) | I8: =IF(SUM(Monthly_Override!$C8:$N8)>0,Monthly_Override!H8/SUM(Monthly_Override!$C8:$N8),IF(Assumptions!$B$5=3,Seasonal_Profile!G$11,IF($C8=1,IF(Assumptions!$B$10=2,Assumptions!I$17*IF(Assumptions!$B$5=1,Seasonal_Profile!G$8,Seasonal_Profile!G$10)/IF(Assumptions!$B$5=1,SUMPRODUCT(Assumptions!$D$17:$O$17,Seasonal_Profile!$B$8:$M$8),SUMPRODUCT(Assumptions!$D$17:$O$17,Seasonal_Profile!$B$10:$M$10)),Assumptions!I$17/SUM(Assumptions!$D$17:$O$17)),IF(Assumptions!$B$5=1,Seasonal_Profile!G$8,Seasonal_Profile!G$10)))) | J8: =IF(SUM(Monthly_Override!$C8:$N8)>0,Monthly_Override!I8/SUM(Monthly_Override!$C8:$N8),IF(Assumptions!$B$5=3,Seasonal_Profile!H$11,IF($C8=1,IF(Assumptions!$B$10=2,Assumptions!J$17*IF(Assumptions!$B$5=1,Seasonal_Profile!H$8,Seasonal_Profile!H$10)/IF(Assumptions!$B$5=1,SUMPRODUCT(Assumptions!$D$17:$O$17,Seasonal_Profile!$B$8:$M$8),SUMPRODUCT(Assumptions!$D$17:$O$17,Seasonal_Profile!$B$10:$M$10)),Assumptions!J$17/SUM(Assumptions!$D$17:$O$17)),IF(Assumptions!$B$5=1,Seasonal_Profile!H$8,Seasonal_Profile!H$10)))) | K8: =IF(SUM(Monthly_Override!$C8:$N8)>0,Monthly_Override!J8/SUM(Monthly_Override!$C8:$N8),IF(Assumptions!$B$5=3,Seasonal_Profile!I$11,IF($C8=1,IF(Assumptions!$B$10=2,Assumptions!K$17*IF(Assumptions!$B$5=1,Seasonal_Profile!I$8,Seasonal_Profile!I$10)/IF(Assumptions!$B$5=1,SUMPRODUCT(Assumptions!$D$17:$O$17,Seasonal_Profile!$B$8:$M$8),SUMPRODUCT(Assumptions!$D$17:$O$17,Seasonal_Profile!$B$10:$M$10)),Assumptions!K$17/SUM(Assumptions!$D$17:$O$17)),IF(Assumptions!$B$5=1,Seasonal_Profile!I$8,Seasonal_Profile!I$10)))) | ... O8: =IF(SUM(Monthly_Override!$C8:$N8)>0,Monthly_Override!N8/SUM(Monthly_Override!$C8:$N8),IF(Assumptions!$B$5=3,Seasonal_Profile!M$11,IF($C8=1,IF(Assumptions!$B$10=2,Assumptions!O$17*IF(Assumptions!$B$5=1,Seasonal_Profile!M$8,Seasonal_Profile!M$10)/IF(Assumptions!$B$5=1,SUMPRODUCT(Assumptions!$D$17:$O$17,Seasonal_Profile!$B$8:$M$8),SUMPRODUCT(Assumptions!$D$17:$O$17,Seasonal_Profile!$B$10:$M$10)),Assumptions!O$17/SUM(Assumptions!$D$17:$O$17)),IF(Assumptions!$B$5=1,Seasonal_Profile!M$8,Seasonal_Profile!M$10)))) | P8: =SUM(D8:O8)
A9: Infanta | B9: 2024 | C9: =Assumptions!C18 | D9: =IF(SUM(Monthly_Override!$C9:$N9)>0,Monthly_Override!C9/SUM(Monthly_Override!$C9:$N9),IF(Assumptions!$B$5=3,Seasonal_Profile!B$11,IF($C9=1,IF(Assumptions!$B$10=2,Assumptions!D$18*IF(Assumptions!$B$5=1,Seasonal_Profile!B$8,Seasonal_Profile!B$10)/IF(Assumptions!$B$5=1,SUMPRODUCT(Assumptions!$D$18:$O$18,Seasonal_Profile!$B$8:$M$8),SUMPRODUCT(Assumptions!$D$18:$O$18,Seasonal_Profile!$B$10:$M$10)),Assumptions!D$18/SUM(Assumptions!$D$18:$O$18)),IF(Assumptions!$B$5=1,Seasonal_Profile!B$8,Seasonal_Profile!B$10)))) | E9: =IF(SUM(Monthly_Override!$C9:$N9)>0,Monthly_Override!D9/SUM(Monthly_Override!$C9:$N9),IF(Assumptions!$B$5=3,Seasonal_Profile!C$11,IF($C9=1,IF(Assumptions!$B$10=2,Assumptions!E$18*IF(Assumptions!$B$5=1,Seasonal_Profile!C$8,Seasonal_Profile!C$10)/IF(Assumptions!$B$5=1,SUMPRODUCT(Assumptions!$D$18:$O$18,Seasonal_Profile!$B$8:$M$8),SUMPRODUCT(Assumptions!$D$18:$O$18,Seasonal_Profile!$B$10:$M$10)),Assumptions!E$18/SUM(Assumptions!$D$18:$O$18)),IF(Assumptions!$B$5=1,Seasonal_Profile!C$8,Seasonal_Profile!C$10)))) | F9: =IF(SUM(Monthly_Override!$C9:$N9)>0,Monthly_Override!E9/SUM(Monthly_Override!$C9:$N9),IF(Assumptions!$B$5=3,Seasonal_Profile!D$11,IF($C9=1,IF(Assumptions!$B$10=2,Assumptions!F$18*IF(Assumptions!$B$5=1,Seasonal_Profile!D$8,Seasonal_Profile!D$10)/IF(Assumptions!$B$5=1,SUMPRODUCT(Assumptions!$D$18:$O$18,Seasonal_Profile!$B$8:$M$8),SUMPRODUCT(Assumptions!$D$18:$O$18,Seasonal_Profile!$B$10:$M$10)),Assumptions!F$18/SUM(Assumptions!$D$18:$O$18)),IF(Assumptions!$B$5=1,Seasonal_Profile!D$8,Seasonal_Profile!D$10)))) | G9: =IF(SUM(Monthly_Override!$C9:$N9)>0,Monthly_Override!F9/SUM(Monthly_Override!$C9:$N9),IF(Assumptions!$B$5=3,Seasonal_Profile!E$11,IF($C9=1,IF(Assumptions!$B$10=2,Assumptions!G$18*IF(Assumptions!$B$5=1,Seasonal_Profile!E$8,Seasonal_Profile!E$10)/IF(Assumptions!$B$5=1,SUMPRODUCT(Assumptions!$D$18:$O$18,Seasonal_Profile!$B$8:$M$8),SUMPRODUCT(Assumptions!$D$18:$O$18,Seasonal_Profile!$B$10:$M$10)),Assumptions!G$18/SUM(Assumptions!$D$18:$O$18)),IF(Assumptions!$B$5=1,Seasonal_Profile!E$8,Seasonal_Profile!E$10)))) | H9: =IF(SUM(Monthly_Override!$C9:$N9)>0,Monthly_Override!G9/SUM(Monthly_Override!$C9:$N9),IF(Assumptions!$B$5=3,Seasonal_Profile!F$11,IF($C9=1,IF(Assumptions!$B$10=2,Assumptions!H$18*IF(Assumptions!$B$5=1,Seasonal_Profile!F$8,Seasonal_Profile!F$10)/IF(Assumptions!$B$5=1,SUMPRODUCT(Assumptions!$D$18:$O$18,Seasonal_Profile!$B$8:$M$8),SUMPRODUCT(Assumptions!$D$18:$O$18,Seasonal_Profile!$B$10:$M$10)),Assumptions!H$18/SUM(Assumptions!$D$18:$O$18)),IF(Assumptions!$B$5=1,Seasonal_Profile!F$8,Seasonal_Profile!F$10)))) | I9: =IF(SUM(Monthly_Override!$C9:$N9)>0,Monthly_Override!H9/SUM(Monthly_Override!$C9:$N9),IF(Assumptions!$B$5=3,Seasonal_Profile!G$11,IF($C9=1,IF(Assumptions!$B$10=2,Assumptions!I$18*IF(Assumptions!$B$5=1,Seasonal_Profile!G$8,Seasonal_Profile!G$10)/IF(Assumptions!$B$5=1,SUMPRODUCT(Assumptions!$D$18:$O$18,Seasonal_Profile!$B$8:$M$8),SUMPRODUCT(Assumptions!$D$18:$O$18,Seasonal_Profile!$B$10:$M$10)),Assumptions!I$18/SUM(Assumptions!$D$18:$O$18)),IF(Assumptions!$B$5=1,Seasonal_Profile!G$8,Seasonal_Profile!G$10)))) | J9: =IF(SUM(Monthly_Override!$C9:$N9)>0,Monthly_Override!I9/SUM(Monthly_Override!$C9:$N9),IF(Assumptions!$B$5=3,Seasonal_Profile!H$11,IF($C9=1,IF(Assumptions!$B$10=2,Assumptions!J$18*IF(Assumptions!$B$5=1,Seasonal_Profile!H$8,Seasonal_Profile!H$10)/IF(Assumptions!$B$5=1,SUMPRODUCT(Assumptions!$D$18:$O$18,Seasonal_Profile!$B$8:$M$8),SUMPRODUCT(Assumptions!$D$18:$O$18,Seasonal_Profile!$B$10:$M$10)),Assumptions!J$18/SUM(Assumptions!$D$18:$O$18)),IF(Assumptions!$B$5=1,Seasonal_Profile!H$8,Seasonal_Profile!H$10)))) | K9: =IF(SUM(Monthly_Override!$C9:$N9)>0,Monthly_Override!J9/SUM(Monthly_Override!$C9:$N9),IF(Assumptions!$B$5=3,Seasonal_Profile!I$11,IF($C9=1,IF(Assumptions!$B$10=2,Assumptions!K$18*IF(Assumptions!$B$5=1,Seasonal_Profile!I$8,Seasonal_Profile!I$10)/IF(Assumptions!$B$5=1,SUMPRODUCT(Assumptions!$D$18:$O$18,Seasonal_Profile!$B$8:$M$8),SUMPRODUCT(Assumptions!$D$18:$O$18,Seasonal_Profile!$B$10:$M$10)),Assumptions!K$18/SUM(Assumptions!$D$18:$O$18)),IF(Assumptions!$B$5=1,Seasonal_Profile!I$8,Seasonal_Profile!I$10)))) | ... O9: =IF(SUM(Monthly_Override!$C9:$N9)>0,Monthly_Override!N9/SUM(Monthly_Override!$C9:$N9),IF(Assumptions!$B$5=3,Seasonal_Profile!M$11,IF($C9=1,IF(Assumptions!$B$10=2,Assumptions!O$18*IF(Assumptions!$B$5=1,Seasonal_Profile!M$8,Seasonal_Profile!M$10)/IF(Assumptions!$B$5=1,SUMPRODUCT(Assumptions!$D$18:$O$18,Seasonal_Profile!$B$8:$M$8),SUMPRODUCT(Assumptions!$D$18:$O$18,Seasonal_Profile!$B$10:$M$10)),Assumptions!O$18/SUM(Assumptions!$D$18:$O$18)),IF(Assumptions!$B$5=1,Seasonal_Profile!M$8,Seasonal_Profile!M$10)))) | P9: =SUM(D9:O9)
A10: San Fabian | B10: 2024 | C10: =Assumptions!C19 | D10: =IF(SUM(Monthly_Override!$C10:$N10)>0,Monthly_Override!C10/SUM(Monthly_Override!$C10:$N10),IF(Assumptions!$B$5=3,Seasonal_Profile!B$11,IF($C10=1,IF(Assumptions!$B$10=2,Assumptions!D$19*IF(Assumptions!$B$5=1,Seasonal_Profile!B$8,Seasonal_Profile!B$10)/IF(Assumptions!$B$5=1,SUMPRODUCT(Assumptions!$D$19:$O$19,Seasonal_Profile!$B$8:$M$8),SUMPRODUCT(Assumptions!$D$19:$O$19,Seasonal_Profile!$B$10:$M$10)),Assumptions!D$19/SUM(Assumptions!$D$19:$O$19)),IF(Assumptions!$B$5=1,Seasonal_Profile!B$8,Seasonal_Profile!B$10)))) | E10: =IF(SUM(Monthly_Override!$C10:$N10)>0,Monthly_Override!D10/SUM(Monthly_Override!$C10:$N10),IF(Assumptions!$B$5=3,Seasonal_Profile!C$11,IF($C10=1,IF(Assumptions!$B$10=2,Assumptions!E$19*IF(Assumptions!$B$5=1,Seasonal_Profile!C$8,Seasonal_Profile!C$10)/IF(Assumptions!$B$5=1,SUMPRODUCT(Assumptions!$D$19:$O$19,Seasonal_Profile!$B$8:$M$8),SUMPRODUCT(Assumptions!$D$19:$O$19,Seasonal_Profile!$B$10:$M$10)),Assumptions!E$19/SUM(Assumptions!$D$19:$O$19)),IF(Assumptions!$B$5=1,Seasonal_Profile!C$8,Seasonal_Profile!C$10)))) | F10: =IF(SUM(Monthly_Override!$C10:$N10)>0,Monthly_Override!E10/SUM(Monthly_Override!$C10:$N10),IF(Assumptions!$B$5=3,Seasonal_Profile!D$11,IF($C10=1,IF(Assumptions!$B$10=2,Assumptions!F$19*IF(Assumptions!$B$5=1,Seasonal_Profile!D$8,Seasonal_Profile!D$10)/IF(Assumptions!$B$5=1,SUMPRODUCT(Assumptions!$D$19:$O$19,Seasonal_Profile!$B$8:$M$8),SUMPRODUCT(Assumptions!$D$19:$O$19,Seasonal_Profile!$B$10:$M$10)),Assumptions!F$19/SUM(Assumptions!$D$19:$O$19)),IF(Assumptions!$B$5=1,Seasonal_Profile!D$8,Seasonal_Profile!D$10)))) | G10: =IF(SUM(Monthly_Override!$C10:$N10)>0,Monthly_Override!F10/SUM(Monthly_Override!$C10:$N10),IF(Assumptions!$B$5=3,Seasonal_Profile!E$11,IF($C10=1,IF(Assumptions!$B$10=2,Assumptions!G$19*IF(Assumptions!$B$5=1,Seasonal_Profile!E$8,Seasonal_Profile!E$10)/IF(Assumptions!$B$5=1,SUMPRODUCT(Assumptions!$D$19:$O$19,Seasonal_Profile!$B$8:$M$8),SUMPRODUCT(Assumptions!$D$19:$O$19,Seasonal_Profile!$B$10:$M$10)),Assumptions!G$19/SUM(Assumptions!$D$19:$O$19)),IF(Assumptions!$B$5=1,Seasonal_Profile!E$8,Seasonal_Profile!E$10)))) | H10: =IF(SUM(Monthly_Override!$C10:$N10)>0,Monthly_Override!G10/SUM(Monthly_Override!$C10:$N10),IF(Assumptions!$B$5=3,Seasonal_Profile!F$11,IF($C10=1,IF(Assumptions!$B$10=2,Assumptions!H$19*IF(Assumptions!$B$5=1,Seasonal_Profile!F$8,Seasonal_Profile!F$10)/IF(Assumptions!$B$5=1,SUMPRODUCT(Assumptions!$D$19:$O$19,Seasonal_Profile!$B$8:$M$8),SUMPRODUCT(Assumptions!$D$19:$O$19,Seasonal_Profile!$B$10:$M$10)),Assumptions!H$19/SUM(Assumptions!$D$19:$O$19)),IF(Assumptions!$B$5=1,Seasonal_Profile!F$8,Seasonal_Profile!F$10)))) | I10: =IF(SUM(Monthly_Override!$C10:$N10)>0,Monthly_Override!H10/SUM(Monthly_Override!$C10:$N10),IF(Assumptions!$B$5=3,Seasonal_Profile!G$11,IF($C10=1,IF(Assumptions!$B$10=2,Assumptions!I$19*IF(Assumptions!$B$5=1,Seasonal_Profile!G$8,Seasonal_Profile!G$10)/IF(Assumptions!$B$5=1,SUMPRODUCT(Assumptions!$D$19:$O$19,Seasonal_Profile!$B$8:$M$8),SUMPRODUCT(Assumptions!$D$19:$O$19,Seasonal_Profile!$B$10:$M$10)),Assumptions!I$19/SUM(Assumptions!$D$19:$O$19)),IF(Assumptions!$B$5=1,Seasonal_Profile!G$8,Seasonal_Profile!G$10)))) | J10: =IF(SUM(Monthly_Override!$C10:$N10)>0,Monthly_Override!I10/SUM(Monthly_Override!$C10:$N10),IF(Assumptions!$B$5=3,Seasonal_Profile!H$11,IF($C10=1,IF(Assumptions!$B$10=2,Assumptions!J$19*IF(Assumptions!$B$5=1,Seasonal_Profile!H$8,Seasonal_Profile!H$10)/IF(Assumptions!$B$5=1,SUMPRODUCT(Assumptions!$D$19:$O$19,Seasonal_Profile!$B$8:$M$8),SUMPRODUCT(Assumptions!$D$19:$O$19,Seasonal_Profile!$B$10:$M$10)),Assumptions!J$19/SUM(Assumptions!$D$19:$O$19)),IF(Assumptions!$B$5=1,Seasonal_Profile!H$8,Seasonal_Profile!H$10)))) | K10: =IF(SUM(Monthly_Override!$C10:$N10)>0,Monthly_Override!J10/SUM(Monthly_Override!$C10:$N10),IF(Assumptions!$B$5=3,Seasonal_Profile!I$11,IF($C10=1,IF(Assumptions!$B$10=2,Assumptions!K$19*IF(Assumptions!$B$5=1,Seasonal_Profile!I$8,Seasonal_Profile!I$10)/IF(Assumptions!$B$5=1,SUMPRODUCT(Assumptions!$D$19:$O$19,Seasonal_Profile!$B$8:$M$8),SUMPRODUCT(Assumptions!$D$19:$O$19,Seasonal_Profile!$B$10:$M$10)),Assumptions!K$19/SUM(Assumptions!$D$19:$O$19)),IF(Assumptions!$B$5=1,Seasonal_Profile!I$8,Seasonal_Profile!I$10)))) | ... O10: =IF(SUM(Monthly_Override!$C10:$N10)>0,Monthly_Override!N10/SUM(Monthly_Override!$C10:$N10),IF(Assumptions!$B$5=3,Seasonal_Profile!M$11,IF($C10=1,IF(Assumptions!$B$10=2,Assumptions!O$19*IF(Assumptions!$B$5=1,Seasonal_Profile!M$8,Seasonal_Profile!M$10)/IF(Assumptions!$B$5=1,SUMPRODUCT(Assumptions!$D$19:$O$19,Seasonal_Profile!$B$8:$M$8),SUMPRODUCT(Assumptions!$D$19:$O$19,Seasonal_Profile!$B$10:$M$10)),Assumptions!O$19/SUM(Assumptions!$D$19:$O$19)),IF(Assumptions!$B$5=1,Seasonal_Profile!M$8,Seasonal_Profile!M$10)))) | P10: =SUM(D10:O10)
A11: Alaminos City | B11: 2025 | C11: =Assumptions!C13 | D11: =IF(SUM(Monthly_Override!$C11:$N11)>0,Monthly_Override!C11/SUM(Monthly_Override!$C11:$N11),IF(Assumptions!$B$5=3,Seasonal_Profile!B$11,IF($C11=1,IF(Assumptions!$B$10=2,Assumptions!D$13*IF(Assumptions!$B$5=1,Seasonal_Profile!B$9,Seasonal_Profile!B$10)/IF(Assumptions!$B$5=1,SUMPRODUCT(Assumptions!$D$13:$O$13,Seasonal_Profile!$B$9:$M$9),SUMPRODUCT(Assumptions!$D$13:$O$13,Seasonal_Profile!$B$10:$M$10)),Assumptions!D$13/SUM(Assumptions!$D$13:$O$13)),IF(Assumptions!$B$5=1,Seasonal_Profile!B$9,Seasonal_Profile!B$10)))) | E11: =IF(SUM(Monthly_Override!$C11:$N11)>0,Monthly_Override!D11/SUM(Monthly_Override!$C11:$N11),IF(Assumptions!$B$5=3,Seasonal_Profile!C$11,IF($C11=1,IF(Assumptions!$B$10=2,Assumptions!E$13*IF(Assumptions!$B$5=1,Seasonal_Profile!C$9,Seasonal_Profile!C$10)/IF(Assumptions!$B$5=1,SUMPRODUCT(Assumptions!$D$13:$O$13,Seasonal_Profile!$B$9:$M$9),SUMPRODUCT(Assumptions!$D$13:$O$13,Seasonal_Profile!$B$10:$M$10)),Assumptions!E$13/SUM(Assumptions!$D$13:$O$13)),IF(Assumptions!$B$5=1,Seasonal_Profile!C$9,Seasonal_Profile!C$10)))) | F11: =IF(SUM(Monthly_Override!$C11:$N11)>0,Monthly_Override!E11/SUM(Monthly_Override!$C11:$N11),IF(Assumptions!$B$5=3,Seasonal_Profile!D$11,IF($C11=1,IF(Assumptions!$B$10=2,Assumptions!F$13*IF(Assumptions!$B$5=1,Seasonal_Profile!D$9,Seasonal_Profile!D$10)/IF(Assumptions!$B$5=1,SUMPRODUCT(Assumptions!$D$13:$O$13,Seasonal_Profile!$B$9:$M$9),SUMPRODUCT(Assumptions!$D$13:$O$13,Seasonal_Profile!$B$10:$M$10)),Assumptions!F$13/SUM(Assumptions!$D$13:$O$13)),IF(Assumptions!$B$5=1,Seasonal_Profile!D$9,Seasonal_Profile!D$10)))) | G11: =IF(SUM(Monthly_Override!$C11:$N11)>0,Monthly_Override!F11/SUM(Monthly_Override!$C11:$N11),IF(Assumptions!$B$5=3,Seasonal_Profile!E$11,IF($C11=1,IF(Assumptions!$B$10=2,Assumptions!G$13*IF(Assumptions!$B$5=1,Seasonal_Profile!E$9,Seasonal_Profile!E$10)/IF(Assumptions!$B$5=1,SUMPRODUCT(Assumptions!$D$13:$O$13,Seasonal_Profile!$B$9:$M$9),SUMPRODUCT(Assumptions!$D$13:$O$13,Seasonal_Profile!$B$10:$M$10)),Assumptions!G$13/SUM(Assumptions!$D$13:$O$13)),IF(Assumptions!$B$5=1,Seasonal_Profile!E$9,Seasonal_Profile!E$10)))) | H11: =IF(SUM(Monthly_Override!$C11:$N11)>0,Monthly_Override!G11/SUM(Monthly_Override!$C11:$N11),IF(Assumptions!$B$5=3,Seasonal_Profile!F$11,IF($C11=1,IF(Assumptions!$B$10=2,Assumptions!H$13*IF(Assumptions!$B$5=1,Seasonal_Profile!F$9,Seasonal_Profile!F$10)/IF(Assumptions!$B$5=1,SUMPRODUCT(Assumptions!$D$13:$O$13,Seasonal_Profile!$B$9:$M$9),SUMPRODUCT(Assumptions!$D$13:$O$13,Seasonal_Profile!$B$10:$M$10)),Assumptions!H$13/SUM(Assumptions!$D$13:$O$13)),IF(Assumptions!$B$5=1,Seasonal_Profile!F$9,Seasonal_Profile!F$10)))) | I11: =IF(SUM(Monthly_Override!$C11:$N11)>0,Monthly_Override!H11/SUM(Monthly_Override!$C11:$N11),IF(Assumptions!$B$5=3,Seasonal_Profile!G$11,IF($C11=1,IF(Assumptions!$B$10=2,Assumptions!I$13*IF(Assumptions!$B$5=1,Seasonal_Profile!G$9,Seasonal_Profile!G$10)/IF(Assumptions!$B$5=1,SUMPRODUCT(Assumptions!$D$13:$O$13,Seasonal_Profile!$B$9:$M$9),SUMPRODUCT(Assumptions!$D$13:$O$13,Seasonal_Profile!$B$10:$M$10)),Assumptions!I$13/SUM(Assumptions!$D$13:$O$13)),IF(Assumptions!$B$5=1,Seasonal_Profile!G$9,Seasonal_Profile!G$10)))) | J11: =IF(SUM(Monthly_Override!$C11:$N11)>0,Monthly_Override!I11/SUM(Monthly_Override!$C11:$N11),IF(Assumptions!$B$5=3,Seasonal_Profile!H$11,IF($C11=1,IF(Assumptions!$B$10=2,Assumptions!J$13*IF(Assumptions!$B$5=1,Seasonal_Profile!H$9,Seasonal_Profile!H$10)/IF(Assumptions!$B$5=1,SUMPRODUCT(Assumptions!$D$13:$O$13,Seasonal_Profile!$B$9:$M$9),SUMPRODUCT(Assumptions!$D$13:$O$13,Seasonal_Profile!$B$10:$M$10)),Assumptions!J$13/SUM(Assumptions!$D$13:$O$13)),IF(Assumptions!$B$5=1,Seasonal_Profile!H$9,Seasonal_Profile!H$10)))) | K11: =IF(SUM(Monthly_Override!$C11:$N11)>0,Monthly_Override!J11/SUM(Monthly_Override!$C11:$N11),IF(Assumptions!$B$5=3,Seasonal_Profile!I$11,IF($C11=1,IF(Assumptions!$B$10=2,Assumptions!K$13*IF(Assumptions!$B$5=1,Seasonal_Profile!I$9,Seasonal_Profile!I$10)/IF(Assumptions!$B$5=1,SUMPRODUCT(Assumptions!$D$13:$O$13,Seasonal_Profile!$B$9:$M$9),SUMPRODUCT(Assumptions!$D$13:$O$13,Seasonal_Profile!$B$10:$M$10)),Assumptions!K$13/SUM(Assumptions!$D$13:$O$13)),IF(Assumptions!$B$5=1,Seasonal_Profile!I$9,Seasonal_Profile!I$10)))) | ... O11: =IF(SUM(Monthly_Override!$C11:$N11)>0,Monthly_Override!N11/SUM(Monthly_Override!$C11:$N11),IF(Assumptions!$B$5=3,Seasonal_Profile!M$11,IF($C11=1,IF(Assumptions!$B$10=2,Assumptions!O$13*IF(Assumptions!$B$5=1,Seasonal_Profile!M$9,Seasonal_Profile!M$10)/IF(Assumptions!$B$5=1,SUMPRODUCT(Assumptions!$D$13:$O$13,Seasonal_Profile!$B$9:$M$9),SUMPRODUCT(Assumptions!$D$13:$O$13,Seasonal_Profile!$B$10:$M$10)),Assumptions!O$13/SUM(Assumptions!$D$13:$O$13)),IF(Assumptions!$B$5=1,Seasonal_Profile!M$9,Seasonal_Profile!M$10)))) | P11: =SUM(D11:O11)
A12: Anda | B12: 2025 | C12: =Assumptions!C14 | D12: =IF(SUM(Monthly_Override!$C12:$N12)>0,Monthly_Override!C12/SUM(Monthly_Override!$C12:$N12),IF(Assumptions!$B$5=3,Seasonal_Profile!B$11,IF($C12=1,IF(Assumptions!$B$10=2,Assumptions!D$14*IF(Assumptions!$B$5=1,Seasonal_Profile!B$9,Seasonal_Profile!B$10)/IF(Assumptions!$B$5=1,SUMPRODUCT(Assumptions!$D$14:$O$14,Seasonal_Profile!$B$9:$M$9),SUMPRODUCT(Assumptions!$D$14:$O$14,Seasonal_Profile!$B$10:$M$10)),Assumptions!D$14/SUM(Assumptions!$D$14:$O$14)),IF(Assumptions!$B$5=1,Seasonal_Profile!B$9,Seasonal_Profile!B$10)))) | E12: =IF(SUM(Monthly_Override!$C12:$N12)>0,Monthly_Override!D12/SUM(Monthly_Override!$C12:$N12),IF(Assumptions!$B$5=3,Seasonal_Profile!C$11,IF($C12=1,IF(Assumptions!$B$10=2,Assumptions!E$14*IF(Assumptions!$B$5=1,Seasonal_Profile!C$9,Seasonal_Profile!C$10)/IF(Assumptions!$B$5=1,SUMPRODUCT(Assumptions!$D$14:$O$14,Seasonal_Profile!$B$9:$M$9),SUMPRODUCT(Assumptions!$D$14:$O$14,Seasonal_Profile!$B$10:$M$10)),Assumptions!E$14/SUM(Assumptions!$D$14:$O$14)),IF(Assumptions!$B$5=1,Seasonal_Profile!C$9,Seasonal_Profile!C$10)))) | F12: =IF(SUM(Monthly_Override!$C12:$N12)>0,Monthly_Override!E12/SUM(Monthly_Override!$C12:$N12),IF(Assumptions!$B$5=3,Seasonal_Profile!D$11,IF($C12=1,IF(Assumptions!$B$10=2,Assumptions!F$14*IF(Assumptions!$B$5=1,Seasonal_Profile!D$9,Seasonal_Profile!D$10)/IF(Assumptions!$B$5=1,SUMPRODUCT(Assumptions!$D$14:$O$14,Seasonal_Profile!$B$9:$M$9),SUMPRODUCT(Assumptions!$D$14:$O$14,Seasonal_Profile!$B$10:$M$10)),Assumptions!F$14/SUM(Assumptions!$D$14:$O$14)),IF(Assumptions!$B$5=1,Seasonal_Profile!D$9,Seasonal_Profile!D$10)))) | G12: =IF(SUM(Monthly_Override!$C12:$N12)>0,Monthly_Override!F12/SUM(Monthly_Override!$C12:$N12),IF(Assumptions!$B$5=3,Seasonal_Profile!E$11,IF($C12=1,IF(Assumptions!$B$10=2,Assumptions!G$14*IF(Assumptions!$B$5=1,Seasonal_Profile!E$9,Seasonal_Profile!E$10)/IF(Assumptions!$B$5=1,SUMPRODUCT(Assumptions!$D$14:$O$14,Seasonal_Profile!$B$9:$M$9),SUMPRODUCT(Assumptions!$D$14:$O$14,Seasonal_Profile!$B$10:$M$10)),Assumptions!G$14/SUM(Assumptions!$D$14:$O$14)),IF(Assumptions!$B$5=1,Seasonal_Profile!E$9,Seasonal_Profile!E$10)))) | H12: =IF(SUM(Monthly_Override!$C12:$N12)>0,Monthly_Override!G12/SUM(Monthly_Override!$C12:$N12),IF(Assumptions!$B$5=3,Seasonal_Profile!F$11,IF($C12=1,IF(Assumptions!$B$10=2,Assumptions!H$14*IF(Assumptions!$B$5=1,Seasonal_Profile!F$9,Seasonal_Profile!F$10)/IF(Assumptions!$B$5=1,SUMPRODUCT(Assumptions!$D$14:$O$14,Seasonal_Profile!$B$9:$M$9),SUMPRODUCT(Assumptions!$D$14:$O$14,Seasonal_Profile!$B$10:$M$10)),Assumptions!H$14/SUM(Assumptions!$D$14:$O$14)),IF(Assumptions!$B$5=1,Seasonal_Profile!F$9,Seasonal_Profile!F$10)))) | I12: =IF(SUM(Monthly_Override!$C12:$N12)>0,Monthly_Override!H12/SUM(Monthly_Override!$C12:$N12),IF(Assumptions!$B$5=3,Seasonal_Profile!G$11,IF($C12=1,IF(Assumptions!$B$10=2,Assumptions!I$14*IF(Assumptions!$B$5=1,Seasonal_Profile!G$9,Seasonal_Profile!G$10)/IF(Assumptions!$B$5=1,SUMPRODUCT(Assumptions!$D$14:$O$14,Seasonal_Profile!$B$9:$M$9),SUMPRODUCT(Assumptions!$D$14:$O$14,Seasonal_Profile!$B$10:$M$10)),Assumptions!I$14/SUM(Assumptions!$D$14:$O$14)),IF(Assumptions!$B$5=1,Seasonal_Profile!G$9,Seasonal_Profile!G$10)))) | J12: =IF(SUM(Monthly_Override!$C12:$N12)>0,Monthly_Override!I12/SUM(Monthly_Override!$C12:$N12),IF(Assumptions!$B$5=3,Seasonal_Profile!H$11,IF($C12=1,IF(Assumptions!$B$10=2,Assumptions!J$14*IF(Assumptions!$B$5=1,Seasonal_Profile!H$9,Seasonal_Profile!H$10)/IF(Assumptions!$B$5=1,SUMPRODUCT(Assumptions!$D$14:$O$14,Seasonal_Profile!$B$9:$M$9),SUMPRODUCT(Assumptions!$D$14:$O$14,Seasonal_Profile!$B$10:$M$10)),Assumptions!J$14/SUM(Assumptions!$D$14:$O$14)),IF(Assumptions!$B$5=1,Seasonal_Profile!H$9,Seasonal_Profile!H$10)))) | K12: =IF(SUM(Monthly_Override!$C12:$N12)>0,Monthly_Override!J12/SUM(Monthly_Override!$C12:$N12),IF(Assumptions!$B$5=3,Seasonal_Profile!I$11,IF($C12=1,IF(Assumptions!$B$10=2,Assumptions!K$14*IF(Assumptions!$B$5=1,Seasonal_Profile!I$9,Seasonal_Profile!I$10)/IF(Assumptions!$B$5=1,SUMPRODUCT(Assumptions!$D$14:$O$14,Seasonal_Profile!$B$9:$M$9),SUMPRODUCT(Assumptions!$D$14:$O$14,Seasonal_Profile!$B$10:$M$10)),Assumptions!K$14/SUM(Assumptions!$D$14:$O$14)),IF(Assumptions!$B$5=1,Seasonal_Profile!I$9,Seasonal_Profile!I$10)))) | ... O12: =IF(SUM(Monthly_Override!$C12:$N12)>0,Monthly_Override!N12/SUM(Monthly_Override!$C12:$N12),IF(Assumptions!$B$5=3,Seasonal_Profile!M$11,IF($C12=1,IF(Assumptions!$B$10=2,Assumptions!O$14*IF(Assumptions!$B$5=1,Seasonal_Profile!M$9,Seasonal_Profile!M$10)/IF(Assumptions!$B$5=1,SUMPRODUCT(Assumptions!$D$14:$O$14,Seasonal_Profile!$B$9:$M$9),SUMPRODUCT(Assumptions!$D$14:$O$14,Seasonal_Profile!$B$10:$M$10)),Assumptions!O$14/SUM(Assumptions!$D$14:$O$14)),IF(Assumptions!$B$5=1,Seasonal_Profile!M$9,Seasonal_Profile!M$10)))) | P12: =SUM(D12:O12)
A13: Bani | B13: 2025 | C13: =Assumptions!C15 | D13: =IF(SUM(Monthly_Override!$C13:$N13)>0,Monthly_Override!C13/SUM(Monthly_Override!$C13:$N13),IF(Assumptions!$B$5=3,Seasonal_Profile!B$11,IF($C13=1,IF(Assumptions!$B$10=2,Assumptions!D$15*IF(Assumptions!$B$5=1,Seasonal_Profile!B$9,Seasonal_Profile!B$10)/IF(Assumptions!$B$5=1,SUMPRODUCT(Assumptions!$D$15:$O$15,Seasonal_Profile!$B$9:$M$9),SUMPRODUCT(Assumptions!$D$15:$O$15,Seasonal_Profile!$B$10:$M$10)),Assumptions!D$15/SUM(Assumptions!$D$15:$O$15)),IF(Assumptions!$B$5=1,Seasonal_Profile!B$9,Seasonal_Profile!B$10)))) | E13: =IF(SUM(Monthly_Override!$C13:$N13)>0,Monthly_Override!D13/SUM(Monthly_Override!$C13:$N13),IF(Assumptions!$B$5=3,Seasonal_Profile!C$11,IF($C13=1,IF(Assumptions!$B$10=2,Assumptions!E$15*IF(Assumptions!$B$5=1,Seasonal_Profile!C$9,Seasonal_Profile!C$10)/IF(Assumptions!$B$5=1,SUMPRODUCT(Assumptions!$D$15:$O$15,Seasonal_Profile!$B$9:$M$9),SUMPRODUCT(Assumptions!$D$15:$O$15,Seasonal_Profile!$B$10:$M$10)),Assumptions!E$15/SUM(Assumptions!$D$15:$O$15)),IF(Assumptions!$B$5=1,Seasonal_Profile!C$9,Seasonal_Profile!C$10)))) | F13: =IF(SUM(Monthly_Override!$C13:$N13)>0,Monthly_Override!E13/SUM(Monthly_Override!$C13:$N13),IF(Assumptions!$B$5=3,Seasonal_Profile!D$11,IF($C13=1,IF(Assumptions!$B$10=2,Assumptions!F$15*IF(Assumptions!$B$5=1,Seasonal_Profile!D$9,Seasonal_Profile!D$10)/IF(Assumptions!$B$5=1,SUMPRODUCT(Assumptions!$D$15:$O$15,Seasonal_Profile!$B$9:$M$9),SUMPRODUCT(Assumptions!$D$15:$O$15,Seasonal_Profile!$B$10:$M$10)),Assumptions!F$15/SUM(Assumptions!$D$15:$O$15)),IF(Assumptions!$B$5=1,Seasonal_Profile!D$9,Seasonal_Profile!D$10)))) | G13: =IF(SUM(Monthly_Override!$C13:$N13)>0,Monthly_Override!F13/SUM(Monthly_Override!$C13:$N13),IF(Assumptions!$B$5=3,Seasonal_Profile!E$11,IF($C13=1,IF(Assumptions!$B$10=2,Assumptions!G$15*IF(Assumptions!$B$5=1,Seasonal_Profile!E$9,Seasonal_Profile!E$10)/IF(Assumptions!$B$5=1,SUMPRODUCT(Assumptions!$D$15:$O$15,Seasonal_Profile!$B$9:$M$9),SUMPRODUCT(Assumptions!$D$15:$O$15,Seasonal_Profile!$B$10:$M$10)),Assumptions!G$15/SUM(Assumptions!$D$15:$O$15)),IF(Assumptions!$B$5=1,Seasonal_Profile!E$9,Seasonal_Profile!E$10)))) | H13: =IF(SUM(Monthly_Override!$C13:$N13)>0,Monthly_Override!G13/SUM(Monthly_Override!$C13:$N13),IF(Assumptions!$B$5=3,Seasonal_Profile!F$11,IF($C13=1,IF(Assumptions!$B$10=2,Assumptions!H$15*IF(Assumptions!$B$5=1,Seasonal_Profile!F$9,Seasonal_Profile!F$10)/IF(Assumptions!$B$5=1,SUMPRODUCT(Assumptions!$D$15:$O$15,Seasonal_Profile!$B$9:$M$9),SUMPRODUCT(Assumptions!$D$15:$O$15,Seasonal_Profile!$B$10:$M$10)),Assumptions!H$15/SUM(Assumptions!$D$15:$O$15)),IF(Assumptions!$B$5=1,Seasonal_Profile!F$9,Seasonal_Profile!F$10)))) | I13: =IF(SUM(Monthly_Override!$C13:$N13)>0,Monthly_Override!H13/SUM(Monthly_Override!$C13:$N13),IF(Assumptions!$B$5=3,Seasonal_Profile!G$11,IF($C13=1,IF(Assumptions!$B$10=2,Assumptions!I$15*IF(Assumptions!$B$5=1,Seasonal_Profile!G$9,Seasonal_Profile!G$10)/IF(Assumptions!$B$5=1,SUMPRODUCT(Assumptions!$D$15:$O$15,Seasonal_Profile!$B$9:$M$9),SUMPRODUCT(Assumptions!$D$15:$O$15,Seasonal_Profile!$B$10:$M$10)),Assumptions!I$15/SUM(Assumptions!$D$15:$O$15)),IF(Assumptions!$B$5=1,Seasonal_Profile!G$9,Seasonal_Profile!G$10)))) | J13: =IF(SUM(Monthly_Override!$C13:$N13)>0,Monthly_Override!I13/SUM(Monthly_Override!$C13:$N13),IF(Assumptions!$B$5=3,Seasonal_Profile!H$11,IF($C13=1,IF(Assumptions!$B$10=2,Assumptions!J$15*IF(Assumptions!$B$5=1,Seasonal_Profile!H$9,Seasonal_Profile!H$10)/IF(Assumptions!$B$5=1,SUMPRODUCT(Assumptions!$D$15:$O$15,Seasonal_Profile!$B$9:$M$9),SUMPRODUCT(Assumptions!$D$15:$O$15,Seasonal_Profile!$B$10:$M$10)),Assumptions!J$15/SUM(Assumptions!$D$15:$O$15)),IF(Assumptions!$B$5=1,Seasonal_Profile!H$9,Seasonal_Profile!H$10)))) | K13: =IF(SUM(Monthly_Override!$C13:$N13)>0,Monthly_Override!J13/SUM(Monthly_Override!$C13:$N13),IF(Assumptions!$B$5=3,Seasonal_Profile!I$11,IF($C13=1,IF(Assumptions!$B$10=2,Assumptions!K$15*IF(Assumptions!$B$5=1,Seasonal_Profile!I$9,Seasonal_Profile!I$10)/IF(Assumptions!$B$5=1,SUMPRODUCT(Assumptions!$D$15:$O$15,Seasonal_Profile!$B$9:$M$9),SUMPRODUCT(Assumptions!$D$15:$O$15,Seasonal_Profile!$B$10:$M$10)),Assumptions!K$15/SUM(Assumptions!$D$15:$O$15)),IF(Assumptions!$B$5=1,Seasonal_Profile!I$9,Seasonal_Profile!I$10)))) | ... O13: =IF(SUM(Monthly_Override!$C13:$N13)>0,Monthly_Override!N13/SUM(Monthly_Override!$C13:$N13),IF(Assumptions!$B$5=3,Seasonal_Profile!M$11,IF($C13=1,IF(Assumptions!$B$10=2,Assumptions!O$15*IF(Assumptions!$B$5=1,Seasonal_Profile!M$9,Seasonal_Profile!M$10)/IF(Assumptions!$B$5=1,SUMPRODUCT(Assumptions!$D$15:$O$15,Seasonal_Profile!$B$9:$M$9),SUMPRODUCT(Assumptions!$D$15:$O$15,Seasonal_Profile!$B$10:$M$10)),Assumptions!O$15/SUM(Assumptions!$D$15:$O$15)),IF(Assumptions!$B$5=1,Seasonal_Profile!M$9,Seasonal_Profile!M$10)))) | P13: =SUM(D13:O13)
A14: Bolinao | B14: 2025 | C14: =Assumptions!C16 | D14: =IF(SUM(Monthly_Override!$C14:$N14)>0,Monthly_Override!C14/SUM(Monthly_Override!$C14:$N14),IF(Assumptions!$B$5=3,Seasonal_Profile!B$11,IF($C14=1,IF(Assumptions!$B$10=2,Assumptions!D$16*IF(Assumptions!$B$5=1,Seasonal_Profile!B$9,Seasonal_Profile!B$10)/IF(Assumptions!$B$5=1,SUMPRODUCT(Assumptions!$D$16:$O$16,Seasonal_Profile!$B$9:$M$9),SUMPRODUCT(Assumptions!$D$16:$O$16,Seasonal_Profile!$B$10:$M$10)),Assumptions!D$16/SUM(Assumptions!$D$16:$O$16)),IF(Assumptions!$B$5=1,Seasonal_Profile!B$9,Seasonal_Profile!B$10)))) | E14: =IF(SUM(Monthly_Override!$C14:$N14)>0,Monthly_Override!D14/SUM(Monthly_Override!$C14:$N14),IF(Assumptions!$B$5=3,Seasonal_Profile!C$11,IF($C14=1,IF(Assumptions!$B$10=2,Assumptions!E$16*IF(Assumptions!$B$5=1,Seasonal_Profile!C$9,Seasonal_Profile!C$10)/IF(Assumptions!$B$5=1,SUMPRODUCT(Assumptions!$D$16:$O$16,Seasonal_Profile!$B$9:$M$9),SUMPRODUCT(Assumptions!$D$16:$O$16,Seasonal_Profile!$B$10:$M$10)),Assumptions!E$16/SUM(Assumptions!$D$16:$O$16)),IF(Assumptions!$B$5=1,Seasonal_Profile!C$9,Seasonal_Profile!C$10)))) | F14: =IF(SUM(Monthly_Override!$C14:$N14)>0,Monthly_Override!E14/SUM(Monthly_Override!$C14:$N14),IF(Assumptions!$B$5=3,Seasonal_Profile!D$11,IF($C14=1,IF(Assumptions!$B$10=2,Assumptions!F$16*IF(Assumptions!$B$5=1,Seasonal_Profile!D$9,Seasonal_Profile!D$10)/IF(Assumptions!$B$5=1,SUMPRODUCT(Assumptions!$D$16:$O$16,Seasonal_Profile!$B$9:$M$9),SUMPRODUCT(Assumptions!$D$16:$O$16,Seasonal_Profile!$B$10:$M$10)),Assumptions!F$16/SUM(Assumptions!$D$16:$O$16)),IF(Assumptions!$B$5=1,Seasonal_Profile!D$9,Seasonal_Profile!D$10)))) | G14: =IF(SUM(Monthly_Override!$C14:$N14)>0,Monthly_Override!F14/SUM(Monthly_Override!$C14:$N14),IF(Assumptions!$B$5=3,Seasonal_Profile!E$11,IF($C14=1,IF(Assumptions!$B$10=2,Assumptions!G$16*IF(Assumptions!$B$5=1,Seasonal_Profile!E$9,Seasonal_Profile!E$10)/IF(Assumptions!$B$5=1,SUMPRODUCT(Assumptions!$D$16:$O$16,Seasonal_Profile!$B$9:$M$9),SUMPRODUCT(Assumptions!$D$16:$O$16,Seasonal_Profile!$B$10:$M$10)),Assumptions!G$16/SUM(Assumptions!$D$16:$O$16)),IF(Assumptions!$B$5=1,Seasonal_Profile!E$9,Seasonal_Profile!E$10)))) | H14: =IF(SUM(Monthly_Override!$C14:$N14)>0,Monthly_Override!G14/SUM(Monthly_Override!$C14:$N14),IF(Assumptions!$B$5=3,Seasonal_Profile!F$11,IF($C14=1,IF(Assumptions!$B$10=2,Assumptions!H$16*IF(Assumptions!$B$5=1,Seasonal_Profile!F$9,Seasonal_Profile!F$10)/IF(Assumptions!$B$5=1,SUMPRODUCT(Assumptions!$D$16:$O$16,Seasonal_Profile!$B$9:$M$9),SUMPRODUCT(Assumptions!$D$16:$O$16,Seasonal_Profile!$B$10:$M$10)),Assumptions!H$16/SUM(Assumptions!$D$16:$O$16)),IF(Assumptions!$B$5=1,Seasonal_Profile!F$9,Seasonal_Profile!F$10)))) | I14: =IF(SUM(Monthly_Override!$C14:$N14)>0,Monthly_Override!H14/SUM(Monthly_Override!$C14:$N14),IF(Assumptions!$B$5=3,Seasonal_Profile!G$11,IF($C14=1,IF(Assumptions!$B$10=2,Assumptions!I$16*IF(Assumptions!$B$5=1,Seasonal_Profile!G$9,Seasonal_Profile!G$10)/IF(Assumptions!$B$5=1,SUMPRODUCT(Assumptions!$D$16:$O$16,Seasonal_Profile!$B$9:$M$9),SUMPRODUCT(Assumptions!$D$16:$O$16,Seasonal_Profile!$B$10:$M$10)),Assumptions!I$16/SUM(Assumptions!$D$16:$O$16)),IF(Assumptions!$B$5=1,Seasonal_Profile!G$9,Seasonal_Profile!G$10)))) | J14: =IF(SUM(Monthly_Override!$C14:$N14)>0,Monthly_Override!I14/SUM(Monthly_Override!$C14:$N14),IF(Assumptions!$B$5=3,Seasonal_Profile!H$11,IF($C14=1,IF(Assumptions!$B$10=2,Assumptions!J$16*IF(Assumptions!$B$5=1,Seasonal_Profile!H$9,Seasonal_Profile!H$10)/IF(Assumptions!$B$5=1,SUMPRODUCT(Assumptions!$D$16:$O$16,Seasonal_Profile!$B$9:$M$9),SUMPRODUCT(Assumptions!$D$16:$O$16,Seasonal_Profile!$B$10:$M$10)),Assumptions!J$16/SUM(Assumptions!$D$16:$O$16)),IF(Assumptions!$B$5=1,Seasonal_Profile!H$9,Seasonal_Profile!H$10)))) | K14: =IF(SUM(Monthly_Override!$C14:$N14)>0,Monthly_Override!J14/SUM(Monthly_Override!$C14:$N14),IF(Assumptions!$B$5=3,Seasonal_Profile!I$11,IF($C14=1,IF(Assumptions!$B$10=2,Assumptions!K$16*IF(Assumptions!$B$5=1,Seasonal_Profile!I$9,Seasonal_Profile!I$10)/IF(Assumptions!$B$5=1,SUMPRODUCT(Assumptions!$D$16:$O$16,Seasonal_Profile!$B$9:$M$9),SUMPRODUCT(Assumptions!$D$16:$O$16,Seasonal_Profile!$B$10:$M$10)),Assumptions!K$16/SUM(Assumptions!$D$16:$O$16)),IF(Assumptions!$B$5=1,Seasonal_Profile!I$9,Seasonal_Profile!I$10)))) | ... O14: =IF(SUM(Monthly_Override!$C14:$N14)>0,Monthly_Override!N14/SUM(Monthly_Override!$C14:$N14),IF(Assumptions!$B$5=3,Seasonal_Profile!M$11,IF($C14=1,IF(Assumptions!$B$10=2,Assumptions!O$16*IF(Assumptions!$B$5=1,Seasonal_Profile!M$9,Seasonal_Profile!M$10)/IF(Assumptions!$B$5=1,SUMPRODUCT(Assumptions!$D$16:$O$16,Seasonal_Profile!$B$9:$M$9),SUMPRODUCT(Assumptions!$D$16:$O$16,Seasonal_Profile!$B$10:$M$10)),Assumptions!O$16/SUM(Assumptions!$D$16:$O$16)),IF(Assumptions!$B$5=1,Seasonal_Profile!M$9,Seasonal_Profile!M$10)))) | P14: =SUM(D14:O14)
A15: Dasol | B15: 2025 | C15: =Assumptions!C17 | D15: =IF(SUM(Monthly_Override!$C15:$N15)>0,Monthly_Override!C15/SUM(Monthly_Override!$C15:$N15),IF(Assumptions!$B$5=3,Seasonal_Profile!B$11,IF($C15=1,IF(Assumptions!$B$10=2,Assumptions!D$17*IF(Assumptions!$B$5=1,Seasonal_Profile!B$9,Seasonal_Profile!B$10)/IF(Assumptions!$B$5=1,SUMPRODUCT(Assumptions!$D$17:$O$17,Seasonal_Profile!$B$9:$M$9),SUMPRODUCT(Assumptions!$D$17:$O$17,Seasonal_Profile!$B$10:$M$10)),Assumptions!D$17/SUM(Assumptions!$D$17:$O$17)),IF(Assumptions!$B$5=1,Seasonal_Profile!B$9,Seasonal_Profile!B$10)))) | E15: =IF(SUM(Monthly_Override!$C15:$N15)>0,Monthly_Override!D15/SUM(Monthly_Override!$C15:$N15),IF(Assumptions!$B$5=3,Seasonal_Profile!C$11,IF($C15=1,IF(Assumptions!$B$10=2,Assumptions!E$17*IF(Assumptions!$B$5=1,Seasonal_Profile!C$9,Seasonal_Profile!C$10)/IF(Assumptions!$B$5=1,SUMPRODUCT(Assumptions!$D$17:$O$17,Seasonal_Profile!$B$9:$M$9),SUMPRODUCT(Assumptions!$D$17:$O$17,Seasonal_Profile!$B$10:$M$10)),Assumptions!E$17/SUM(Assumptions!$D$17:$O$17)),IF(Assumptions!$B$5=1,Seasonal_Profile!C$9,Seasonal_Profile!C$10)))) | F15: =IF(SUM(Monthly_Override!$C15:$N15)>0,Monthly_Override!E15/SUM(Monthly_Override!$C15:$N15),IF(Assumptions!$B$5=3,Seasonal_Profile!D$11,IF($C15=1,IF(Assumptions!$B$10=2,Assumptions!F$17*IF(Assumptions!$B$5=1,Seasonal_Profile!D$9,Seasonal_Profile!D$10)/IF(Assumptions!$B$5=1,SUMPRODUCT(Assumptions!$D$17:$O$17,Seasonal_Profile!$B$9:$M$9),SUMPRODUCT(Assumptions!$D$17:$O$17,Seasonal_Profile!$B$10:$M$10)),Assumptions!F$17/SUM(Assumptions!$D$17:$O$17)),IF(Assumptions!$B$5=1,Seasonal_Profile!D$9,Seasonal_Profile!D$10)))) | G15: =IF(SUM(Monthly_Override!$C15:$N15)>0,Monthly_Override!F15/SUM(Monthly_Override!$C15:$N15),IF(Assumptions!$B$5=3,Seasonal_Profile!E$11,IF($C15=1,IF(Assumptions!$B$10=2,Assumptions!G$17*IF(Assumptions!$B$5=1,Seasonal_Profile!E$9,Seasonal_Profile!E$10)/IF(Assumptions!$B$5=1,SUMPRODUCT(Assumptions!$D$17:$O$17,Seasonal_Profile!$B$9:$M$9),SUMPRODUCT(Assumptions!$D$17:$O$17,Seasonal_Profile!$B$10:$M$10)),Assumptions!G$17/SUM(Assumptions!$D$17:$O$17)),IF(Assumptions!$B$5=1,Seasonal_Profile!E$9,Seasonal_Profile!E$10)))) | H15: =IF(SUM(Monthly_Override!$C15:$N15)>0,Monthly_Override!G15/SUM(Monthly_Override!$C15:$N15),IF(Assumptions!$B$5=3,Seasonal_Profile!F$11,IF($C15=1,IF(Assumptions!$B$10=2,Assumptions!H$17*IF(Assumptions!$B$5=1,Seasonal_Profile!F$9,Seasonal_Profile!F$10)/IF(Assumptions!$B$5=1,SUMPRODUCT(Assumptions!$D$17:$O$17,Seasonal_Profile!$B$9:$M$9),SUMPRODUCT(Assumptions!$D$17:$O$17,Seasonal_Profile!$B$10:$M$10)),Assumptions!H$17/SUM(Assumptions!$D$17:$O$17)),IF(Assumptions!$B$5=1,Seasonal_Profile!F$9,Seasonal_Profile!F$10)))) | I15: =IF(SUM(Monthly_Override!$C15:$N15)>0,Monthly_Override!H15/SUM(Monthly_Override!$C15:$N15),IF(Assumptions!$B$5=3,Seasonal_Profile!G$11,IF($C15=1,IF(Assumptions!$B$10=2,Assumptions!I$17*IF(Assumptions!$B$5=1,Seasonal_Profile!G$9,Seasonal_Profile!G$10)/IF(Assumptions!$B$5=1,SUMPRODUCT(Assumptions!$D$17:$O$17,Seasonal_Profile!$B$9:$M$9),SUMPRODUCT(Assumptions!$D$17:$O$17,Seasonal_Profile!$B$10:$M$10)),Assumptions!I$17/SUM(Assumptions!$D$17:$O$17)),IF(Assumptions!$B$5=1,Seasonal_Profile!G$9,Seasonal_Profile!G$10)))) | J15: =IF(SUM(Monthly_Override!$C15:$N15)>0,Monthly_Override!I15/SUM(Monthly_Override!$C15:$N15),IF(Assumptions!$B$5=3,Seasonal_Profile!H$11,IF($C15=1,IF(Assumptions!$B$10=2,Assumptions!J$17*IF(Assumptions!$B$5=1,Seasonal_Profile!H$9,Seasonal_Profile!H$10)/IF(Assumptions!$B$5=1,SUMPRODUCT(Assumptions!$D$17:$O$17,Seasonal_Profile!$B$9:$M$9),SUMPRODUCT(Assumptions!$D$17:$O$17,Seasonal_Profile!$B$10:$M$10)),Assumptions!J$17/SUM(Assumptions!$D$17:$O$17)),IF(Assumptions!$B$5=1,Seasonal_Profile!H$9,Seasonal_Profile!H$10)))) | K15: =IF(SUM(Monthly_Override!$C15:$N15)>0,Monthly_Override!J15/SUM(Monthly_Override!$C15:$N15),IF(Assumptions!$B$5=3,Seasonal_Profile!I$11,IF($C15=1,IF(Assumptions!$B$10=2,Assumptions!K$17*IF(Assumptions!$B$5=1,Seasonal_Profile!I$9,Seasonal_Profile!I$10)/IF(Assumptions!$B$5=1,SUMPRODUCT(Assumptions!$D$17:$O$17,Seasonal_Profile!$B$9:$M$9),SUMPRODUCT(Assumptions!$D$17:$O$17,Seasonal_Profile!$B$10:$M$10)),Assumptions!K$17/SUM(Assumptions!$D$17:$O$17)),IF(Assumptions!$B$5=1,Seasonal_Profile!I$9,Seasonal_Profile!I$10)))) | ... O15: =IF(SUM(Monthly_Override!$C15:$N15)>0,Monthly_Override!N15/SUM(Monthly_Override!$C15:$N15),IF(Assumptions!$B$5=3,Seasonal_Profile!M$11,IF($C15=1,IF(Assumptions!$B$10=2,Assumptions!O$17*IF(Assumptions!$B$5=1,Seasonal_Profile!M$9,Seasonal_Profile!M$10)/IF(Assumptions!$B$5=1,SUMPRODUCT(Assumptions!$D$17:$O$17,Seasonal_Profile!$B$9:$M$9),SUMPRODUCT(Assumptions!$D$17:$O$17,Seasonal_Profile!$B$10:$M$10)),Assumptions!O$17/SUM(Assumptions!$D$17:$O$17)),IF(Assumptions!$B$5=1,Seasonal_Profile!M$9,Seasonal_Profile!M$10)))) | P15: =SUM(D15:O15)
A16: Infanta | B16: 2025 | C16: =Assumptions!C18 | D16: =IF(SUM(Monthly_Override!$C16:$N16)>0,Monthly_Override!C16/SUM(Monthly_Override!$C16:$N16),IF(Assumptions!$B$5=3,Seasonal_Profile!B$11,IF($C16=1,IF(Assumptions!$B$10=2,Assumptions!D$18*IF(Assumptions!$B$5=1,Seasonal_Profile!B$9,Seasonal_Profile!B$10)/IF(Assumptions!$B$5=1,SUMPRODUCT(Assumptions!$D$18:$O$18,Seasonal_Profile!$B$9:$M$9),SUMPRODUCT(Assumptions!$D$18:$O$18,Seasonal_Profile!$B$10:$M$10)),Assumptions!D$18/SUM(Assumptions!$D$18:$O$18)),IF(Assumptions!$B$5=1,Seasonal_Profile!B$9,Seasonal_Profile!B$10)))) | E16: =IF(SUM(Monthly_Override!$C16:$N16)>0,Monthly_Override!D16/SUM(Monthly_Override!$C16:$N16),IF(Assumptions!$B$5=3,Seasonal_Profile!C$11,IF($C16=1,IF(Assumptions!$B$10=2,Assumptions!E$18*IF(Assumptions!$B$5=1,Seasonal_Profile!C$9,Seasonal_Profile!C$10)/IF(Assumptions!$B$5=1,SUMPRODUCT(Assumptions!$D$18:$O$18,Seasonal_Profile!$B$9:$M$9),SUMPRODUCT(Assumptions!$D$18:$O$18,Seasonal_Profile!$B$10:$M$10)),Assumptions!E$18/SUM(Assumptions!$D$18:$O$18)),IF(Assumptions!$B$5=1,Seasonal_Profile!C$9,Seasonal_Profile!C$10)))) | F16: =IF(SUM(Monthly_Override!$C16:$N16)>0,Monthly_Override!E16/SUM(Monthly_Override!$C16:$N16),IF(Assumptions!$B$5=3,Seasonal_Profile!D$11,IF($C16=1,IF(Assumptions!$B$10=2,Assumptions!F$18*IF(Assumptions!$B$5=1,Seasonal_Profile!D$9,Seasonal_Profile!D$10)/IF(Assumptions!$B$5=1,SUMPRODUCT(Assumptions!$D$18:$O$18,Seasonal_Profile!$B$9:$M$9),SUMPRODUCT(Assumptions!$D$18:$O$18,Seasonal_Profile!$B$10:$M$10)),Assumptions!F$18/SUM(Assumptions!$D$18:$O$18)),IF(Assumptions!$B$5=1,Seasonal_Profile!D$9,Seasonal_Profile!D$10)))) | G16: =IF(SUM(Monthly_Override!$C16:$N16)>0,Monthly_Override!F16/SUM(Monthly_Override!$C16:$N16),IF(Assumptions!$B$5=3,Seasonal_Profile!E$11,IF($C16=1,IF(Assumptions!$B$10=2,Assumptions!G$18*IF(Assumptions!$B$5=1,Seasonal_Profile!E$9,Seasonal_Profile!E$10)/IF(Assumptions!$B$5=1,SUMPRODUCT(Assumptions!$D$18:$O$18,Seasonal_Profile!$B$9:$M$9),SUMPRODUCT(Assumptions!$D$18:$O$18,Seasonal_Profile!$B$10:$M$10)),Assumptions!G$18/SUM(Assumptions!$D$18:$O$18)),IF(Assumptions!$B$5=1,Seasonal_Profile!E$9,Seasonal_Profile!E$10)))) | H16: =IF(SUM(Monthly_Override!$C16:$N16)>0,Monthly_Override!G16/SUM(Monthly_Override!$C16:$N16),IF(Assumptions!$B$5=3,Seasonal_Profile!F$11,IF($C16=1,IF(Assumptions!$B$10=2,Assumptions!H$18*IF(Assumptions!$B$5=1,Seasonal_Profile!F$9,Seasonal_Profile!F$10)/IF(Assumptions!$B$5=1,SUMPRODUCT(Assumptions!$D$18:$O$18,Seasonal_Profile!$B$9:$M$9),SUMPRODUCT(Assumptions!$D$18:$O$18,Seasonal_Profile!$B$10:$M$10)),Assumptions!H$18/SUM(Assumptions!$D$18:$O$18)),IF(Assumptions!$B$5=1,Seasonal_Profile!F$9,Seasonal_Profile!F$10)))) | I16: =IF(SUM(Monthly_Override!$C16:$N16)>0,Monthly_Override!H16/SUM(Monthly_Override!$C16:$N16),IF(Assumptions!$B$5=3,Seasonal_Profile!G$11,IF($C16=1,IF(Assumptions!$B$10=2,Assumptions!I$18*IF(Assumptions!$B$5=1,Seasonal_Profile!G$9,Seasonal_Profile!G$10)/IF(Assumptions!$B$5=1,SUMPRODUCT(Assumptions!$D$18:$O$18,Seasonal_Profile!$B$9:$M$9),SUMPRODUCT(Assumptions!$D$18:$O$18,Seasonal_Profile!$B$10:$M$10)),Assumptions!I$18/SUM(Assumptions!$D$18:$O$18)),IF(Assumptions!$B$5=1,Seasonal_Profile!G$9,Seasonal_Profile!G$10)))) | J16: =IF(SUM(Monthly_Override!$C16:$N16)>0,Monthly_Override!I16/SUM(Monthly_Override!$C16:$N16),IF(Assumptions!$B$5=3,Seasonal_Profile!H$11,IF($C16=1,IF(Assumptions!$B$10=2,Assumptions!J$18*IF(Assumptions!$B$5=1,Seasonal_Profile!H$9,Seasonal_Profile!H$10)/IF(Assumptions!$B$5=1,SUMPRODUCT(Assumptions!$D$18:$O$18,Seasonal_Profile!$B$9:$M$9),SUMPRODUCT(Assumptions!$D$18:$O$18,Seasonal_Profile!$B$10:$M$10)),Assumptions!J$18/SUM(Assumptions!$D$18:$O$18)),IF(Assumptions!$B$5=1,Seasonal_Profile!H$9,Seasonal_Profile!H$10)))) | K16: =IF(SUM(Monthly_Override!$C16:$N16)>0,Monthly_Override!J16/SUM(Monthly_Override!$C16:$N16),IF(Assumptions!$B$5=3,Seasonal_Profile!I$11,IF($C16=1,IF(Assumptions!$B$10=2,Assumptions!K$18*IF(Assumptions!$B$5=1,Seasonal_Profile!I$9,Seasonal_Profile!I$10)/IF(Assumptions!$B$5=1,SUMPRODUCT(Assumptions!$D$18:$O$18,Seasonal_Profile!$B$9:$M$9),SUMPRODUCT(Assumptions!$D$18:$O$18,Seasonal_Profile!$B$10:$M$10)),Assumptions!K$18/SUM(Assumptions!$D$18:$O$18)),IF(Assumptions!$B$5=1,Seasonal_Profile!I$9,Seasonal_Profile!I$10)))) | ... O16: =IF(SUM(Monthly_Override!$C16:$N16)>0,Monthly_Override!N16/SUM(Monthly_Override!$C16:$N16),IF(Assumptions!$B$5=3,Seasonal_Profile!M$11,IF($C16=1,IF(Assumptions!$B$10=2,Assumptions!O$18*IF(Assumptions!$B$5=1,Seasonal_Profile!M$9,Seasonal_Profile!M$10)/IF(Assumptions!$B$5=1,SUMPRODUCT(Assumptions!$D$18:$O$18,Seasonal_Profile!$B$9:$M$9),SUMPRODUCT(Assumptions!$D$18:$O$18,Seasonal_Profile!$B$10:$M$10)),Assumptions!O$18/SUM(Assumptions!$D$18:$O$18)),IF(Assumptions!$B$5=1,Seasonal_Profile!M$9,Seasonal_Profile!M$10)))) | P16: =SUM(D16:O16)
A17: San Fabian | B17: 2025 | C17: =Assumptions!C19 | D17: =IF(SUM(Monthly_Override!$C17:$N17)>0,Monthly_Override!C17/SUM(Monthly_Override!$C17:$N17),IF(Assumptions!$B$5=3,Seasonal_Profile!B$11,IF($C17=1,IF(Assumptions!$B$10=2,Assumptions!D$19*IF(Assumptions!$B$5=1,Seasonal_Profile!B$9,Seasonal_Profile!B$10)/IF(Assumptions!$B$5=1,SUMPRODUCT(Assumptions!$D$19:$O$19,Seasonal_Profile!$B$9:$M$9),SUMPRODUCT(Assumptions!$D$19:$O$19,Seasonal_Profile!$B$10:$M$10)),Assumptions!D$19/SUM(Assumptions!$D$19:$O$19)),IF(Assumptions!$B$5=1,Seasonal_Profile!B$9,Seasonal_Profile!B$10)))) | E17: =IF(SUM(Monthly_Override!$C17:$N17)>0,Monthly_Override!D17/SUM(Monthly_Override!$C17:$N17),IF(Assumptions!$B$5=3,Seasonal_Profile!C$11,IF($C17=1,IF(Assumptions!$B$10=2,Assumptions!E$19*IF(Assumptions!$B$5=1,Seasonal_Profile!C$9,Seasonal_Profile!C$10)/IF(Assumptions!$B$5=1,SUMPRODUCT(Assumptions!$D$19:$O$19,Seasonal_Profile!$B$9:$M$9),SUMPRODUCT(Assumptions!$D$19:$O$19,Seasonal_Profile!$B$10:$M$10)),Assumptions!E$19/SUM(Assumptions!$D$19:$O$19)),IF(Assumptions!$B$5=1,Seasonal_Profile!C$9,Seasonal_Profile!C$10)))) | F17: =IF(SUM(Monthly_Override!$C17:$N17)>0,Monthly_Override!E17/SUM(Monthly_Override!$C17:$N17),IF(Assumptions!$B$5=3,Seasonal_Profile!D$11,IF($C17=1,IF(Assumptions!$B$10=2,Assumptions!F$19*IF(Assumptions!$B$5=1,Seasonal_Profile!D$9,Seasonal_Profile!D$10)/IF(Assumptions!$B$5=1,SUMPRODUCT(Assumptions!$D$19:$O$19,Seasonal_Profile!$B$9:$M$9),SUMPRODUCT(Assumptions!$D$19:$O$19,Seasonal_Profile!$B$10:$M$10)),Assumptions!F$19/SUM(Assumptions!$D$19:$O$19)),IF(Assumptions!$B$5=1,Seasonal_Profile!D$9,Seasonal_Profile!D$10)))) | G17: =IF(SUM(Monthly_Override!$C17:$N17)>0,Monthly_Override!F17/SUM(Monthly_Override!$C17:$N17),IF(Assumptions!$B$5=3,Seasonal_Profile!E$11,IF($C17=1,IF(Assumptions!$B$10=2,Assumptions!G$19*IF(Assumptions!$B$5=1,Seasonal_Profile!E$9,Seasonal_Profile!E$10)/IF(Assumptions!$B$5=1,SUMPRODUCT(Assumptions!$D$19:$O$19,Seasonal_Profile!$B$9:$M$9),SUMPRODUCT(Assumptions!$D$19:$O$19,Seasonal_Profile!$B$10:$M$10)),Assumptions!G$19/SUM(Assumptions!$D$19:$O$19)),IF(Assumptions!$B$5=1,Seasonal_Profile!E$9,Seasonal_Profile!E$10)))) | H17: =IF(SUM(Monthly_Override!$C17:$N17)>0,Monthly_Override!G17/SUM(Monthly_Override!$C17:$N17),IF(Assumptions!$B$5=3,Seasonal_Profile!F$11,IF($C17=1,IF(Assumptions!$B$10=2,Assumptions!H$19*IF(Assumptions!$B$5=1,Seasonal_Profile!F$9,Seasonal_Profile!F$10)/IF(Assumptions!$B$5=1,SUMPRODUCT(Assumptions!$D$19:$O$19,Seasonal_Profile!$B$9:$M$9),SUMPRODUCT(Assumptions!$D$19:$O$19,Seasonal_Profile!$B$10:$M$10)),Assumptions!H$19/SUM(Assumptions!$D$19:$O$19)),IF(Assumptions!$B$5=1,Seasonal_Profile!F$9,Seasonal_Profile!F$10)))) | I17: =IF(SUM(Monthly_Override!$C17:$N17)>0,Monthly_Override!H17/SUM(Monthly_Override!$C17:$N17),IF(Assumptions!$B$5=3,Seasonal_Profile!G$11,IF($C17=1,IF(Assumptions!$B$10=2,Assumptions!I$19*IF(Assumptions!$B$5=1,Seasonal_Profile!G$9,Seasonal_Profile!G$10)/IF(Assumptions!$B$5=1,SUMPRODUCT(Assumptions!$D$19:$O$19,Seasonal_Profile!$B$9:$M$9),SUMPRODUCT(Assumptions!$D$19:$O$19,Seasonal_Profile!$B$10:$M$10)),Assumptions!I$19/SUM(Assumptions!$D$19:$O$19)),IF(Assumptions!$B$5=1,Seasonal_Profile!G$9,Seasonal_Profile!G$10)))) | J17: =IF(SUM(Monthly_Override!$C17:$N17)>0,Monthly_Override!I17/SUM(Monthly_Override!$C17:$N17),IF(Assumptions!$B$5=3,Seasonal_Profile!H$11,IF($C17=1,IF(Assumptions!$B$10=2,Assumptions!J$19*IF(Assumptions!$B$5=1,Seasonal_Profile!H$9,Seasonal_Profile!H$10)/IF(Assumptions!$B$5=1,SUMPRODUCT(Assumptions!$D$19:$O$19,Seasonal_Profile!$B$9:$M$9),SUMPRODUCT(Assumptions!$D$19:$O$19,Seasonal_Profile!$B$10:$M$10)),Assumptions!J$19/SUM(Assumptions!$D$19:$O$19)),IF(Assumptions!$B$5=1,Seasonal_Profile!H$9,Seasonal_Profile!H$10)))) | K17: =IF(SUM(Monthly_Override!$C17:$N17)>0,Monthly_Override!J17/SUM(Monthly_Override!$C17:$N17),IF(Assumptions!$B$5=3,Seasonal_Profile!I$11,IF($C17=1,IF(Assumptions!$B$10=2,Assumptions!K$19*IF(Assumptions!$B$5=1,Seasonal_Profile!I$9,Seasonal_Profile!I$10)/IF(Assumptions!$B$5=1,SUMPRODUCT(Assumptions!$D$19:$O$19,Seasonal_Profile!$B$9:$M$9),SUMPRODUCT(Assumptions!$D$19:$O$19,Seasonal_Profile!$B$10:$M$10)),Assumptions!K$19/SUM(Assumptions!$D$19:$O$19)),IF(Assumptions!$B$5=1,Seasonal_Profile!I$9,Seasonal_Profile!I$10)))) | ... O17: =IF(SUM(Monthly_Override!$C17:$N17)>0,Monthly_Override!N17/SUM(Monthly_Override!$C17:$N17),IF(Assumptions!$B$5=3,Seasonal_Profile!M$11,IF($C17=1,IF(Assumptions!$B$10=2,Assumptions!O$19*IF(Assumptions!$B$5=1,Seasonal_Profile!M$9,Seasonal_Profile!M$10)/IF(Assumptions!$B$5=1,SUMPRODUCT(Assumptions!$D$19:$O$19,Seasonal_Profile!$B$9:$M$9),SUMPRODUCT(Assumptions!$D$19:$O$19,Seasonal_Profile!$B$10:$M$10)),Assumptions!O$19/SUM(Assumptions!$D$19:$O$19)),IF(Assumptions!$B$5=1,Seasonal_Profile!M$9,Seasonal_Profile!M$10)))) | P17: =SUM(D17:O17)

Sheet Monthly_Override
A1: Real monthly data override (optional)
A2: Enter observed monthly production (kg) for any municipality-year. A row with any value is used instead of the estimate and rescaled to the annual total. Leave blank to keep the estimate.
A3: Municipality | B3: Year | C3: Jan | D3: Feb | E3: Mar | F3: Apr | G3: May | H3: Jun | I3: Jul | J3: Aug | K3: Sep | L3: Oct | M3: Nov | N3: Dec | O3: Row total (kg) | P3: Annual used (kg) | Q3: Difference
A4: Alaminos City | B4: 2024 | O4: =SUM(C4:N4) | P4: =Annual_Production!L4 | Q4: =IF(O4>0,O4-P4,"")
A5: Anda | B5: 2024 | C5: 13572.585 | D5: 866.19691 | E5: 31594.377 | F5: 27575.738 | G5: 4639.1242 | H5: 30187.877 | I5: 1675.3281 | J5: 1839.7647 | K5: 216.41854 | L5: 536.71889 | M5: 409.69529 | N5: 2486.1761 | O5: =SUM(C5:N5) | P5: =Annual_Production!L5 | Q5: =IF(O5>0,O5-P5,"")
A6: Bani | B6: 2024 | C6: 178939.5 | D6: 5066.2105 | E6: 114053.6 | F6: 42322.123 | G6: 73370.714 | H6: 150761.59 | I6: 20635.326 | J6: 43259.221 | K6: 5366.6158 | L6: 5370.9676 | M6: 7351.9793 | N6: 2902.1535 | O6: =SUM(C6:N6) | P6: =Annual_Production!L6 | Q6: =IF(O6>0,O6-P6,"")
A7: Bolinao | B7: 2024 | C7: 2833.5547 | D7: 91.729625 | E7: 1033.0247 | F7: 813.90868 | G7: 12568.075 | H7: 3077.4783 | I7: 392.77219 | J7: 508.96047 | K7: 179.62021 | L7: 222.45613 | M7: 54.207035 | N7: 49.212914 | O7: =SUM(C7:N7) | P7: =Annual_Production!L7 | Q7: =IF(O7>0,O7-P7,"")
A8: Dasol | B8: 2024 | C8: 190485.83 | D8: 4798.8557 | E8: 25005.588 | F8: 76643.382 | G8: 96367.313 | H8: 117209.19 | I8: 9306.8152 | J8: 19774.91 | K8: 13515.878 | L8: 5031.7403 | M8: 18881.278 | N8: 2246.2203 | O8: =SUM(C8:N8) | P8: =Annual_Production!L8 | Q8: =IF(O8>0,O8-P8,"")
A9: Infanta | B9: 2024 | C9: 7975.0675 | D9: 621.09165 | E9: 6345.3673 | F9: 147951.73 | G9: 150162.46 | H9: 27687.074 | I9: 750.19798 | J9: 7564.5817 | K9: 4101.6429 | L9: 2898.2958 | M9: 1196.9594 | N9: 661.53243 | O9: =SUM(C9:N9) | P9: =Annual_Production!L9 | Q9: =IF(O9>0,O9-P9,"")
A10: San Fabian | B10: 2024 | C10: 20386.247 | D10: 4822.3034 | E10: 7028.961 | F10: 30692.503 | G10: 10914.341 | H10: 17471.972 | I10: 1143.0998 | J10: 631.37189 | K10: 557.68885 | L10: 2348.3125 | M10: 594.90608 | N10: 6908.2925 | O10: =SUM(C10:N10) | P10: =Annual_Production!L10 | Q10: =IF(O10>0,O10-P10,"")
A11: Alaminos City | B11: 2025 | O11: =SUM(C11:N11) | P11: =Annual_Production!M4 | Q11: =IF(O11>0,O11-P11,"")
A12: Anda | B12: 2025 | C12: 5266.692 | D12: 23918.89 | E12: 59737.857 | F12: 205622.81 | G12: 457231.58 | H12: 45923.809 | I12: 156323.88 | J12: 19426.881 | K12: 51370.556 | L12: 15897.619 | M12: 143981.07 | N12: 147509.36 | O12: =SUM(C12:N12) | P12: =Annual_Production!M5 | Q12: =IF(O12>0,O12-P12,"")
A13: Bani | B13: 2025 | C13: 287.37482 | D13: 2251.8724 | E13: 8617.2279 | F13: 255704.02 | G13: 91176.821 | H13: 165904.75 | I13: 30176.83 | J13: 2002.668 | K13: 19162.01 | L13: 20271.037 | M13: 6264.4152 | N13: 5980.9727 | O13: =SUM(C13:N13) | P13: =Annual_Production!M6 | Q13: =IF(O13>0,O13-P13,"")
A14: Bolinao | B14: 2025 | C14: 11286.1 | D14: 14987.719 | E14: 175933.28 | F14: 2358217.9 | G14: 1175057 | H14: 450213.54 | I14: 128581.66 | J14: 13164.235 | K14: 9430.7727 | L14: 41131.631 | M14: 24054.473 | N14: 59858.707 | O14: =SUM(C14:N14) | P14: =Annual_Production!M7 | Q14: =IF(O14>0,O14-P14,"")
A15: Dasol | B15: 2025 | C15: 502.6937 | D15: 1585.4363 | E15: 108064.45 | F15: 321819.44 | G15: 91899.929 | H15: 139363.52 | I15: 12499.812 | J15: 17444.477 | K15: 13471.388 | L15: 12601.399 | M15: 11745.984 | N15: 45415.479 | O15: =SUM(C15:N15) | P15: =Annual_Production!M8 | Q15: =IF(O15>0,O15-P15,"")
A16: Infanta | B16: 2025 | C16: 1284.9212 | D16: 45345.9 | E16: 90836.894 | F16: 276838.36 | G16: 296264.41 | H16: 361496.42 | I16: 27202.73 | J16: 59180.545 | K16: 75126.322 | L16: 76527.282 | M16: 36160.428 | N16: 90358.787 | O16: =SUM(C16:N16) | P16: =Annual_Production!M9 | Q16: =IF(O16>0,O16-P16,"")
A17: San Fabian | B17: 2025 | C17: 184.13823 | D17: 216.75985 | E17: 4153.1627 | F17: 4525.1786 | G17: 73506.027 | H17: 7741.475 | I17: 5794.9727 | J17: 138.6624 | K17: 908.20009 | L17: 1065.1053 | M17: 5551.3649 | N17: 2214.9536 | O17: =SUM(C17:N17) | P17: =Annual_Production!M10 | Q17: =IF(O17>0,O17-P17,"")
A19: Observed monthly values are rescaled so the row sums to the annual production used; a non-zero Difference shows how far your monthly records are from that annual figure.

Sheet Monthly_Estimates
A1: Estimated monthly salt production per municipality (kg)
A2: Monthly = annual production used × monthly share. Method and basis follow Assumptions.
A3: 2024
A4: Municipality | B4: Annual source | C4: Jan | D4: Feb | E4: Mar | F4: Apr | G4: May | H4: Jun | I4: Jul | J4: Aug | K4: Sep | L4: Oct | M4: Nov | N4: Dec | O4: Total (kg) | P4: Total (MT) | Q4: Check vs annual
A5: Alaminos City | B5: =Annual_Production!I4 | C5: =Annual_Production!$L4*Shares!D4 | D5: =Annual_Production!$L4*Shares!E4 | E5: =Annual_Production!$L4*Shares!F4 | F5: =Annual_Production!$L4*Shares!G4 | G5: =Annual_Production!$L4*Shares!H4 | H5: =Annual_Production!$L4*Shares!I4 | I5: =Annual_Production!$L4*Shares!J4 | J5: =Annual_Production!$L4*Shares!K4 | ... N5: =Annual_Production!$L4*Shares!O4 | O5: =SUM(C5:N5) | P5: =O5/1000 | Q5: =ROUND(O5-Annual_Production!L4,2)
A6: Anda | B6: =Annual_Production!I5 | C6: =Annual_Production!$L5*Shares!D5 | D6: =Annual_Production!$L5*Shares!E5 | E6: =Annual_Production!$L5*Shares!F5 | F6: =Annual_Production!$L5*Shares!G5 | G6: =Annual_Production!$L5*Shares!H5 | H6: =Annual_Production!$L5*Shares!I5 | I6: =Annual_Production!$L5*Shares!J5 | J6: =Annual_Production!$L5*Shares!K5 | ... N6: =Annual_Production!$L5*Shares!O5 | O6: =SUM(C6:N6) | P6: =O6/1000 | Q6: =ROUND(O6-Annual_Production!L5,2)
A7: Bani | B7: =Annual_Production!I6 | C7: =Annual_Production!$L6*Shares!D6 | D7: =Annual_Production!$L6*Shares!E6 | E7: =Annual_Production!$L6*Shares!F6 | F7: =Annual_Production!$L6*Shares!G6 | G7: =Annual_Production!$L6*Shares!H6 | H7: =Annual_Production!$L6*Shares!I6 | I7: =Annual_Production!$L6*Shares!J6 | J7: =Annual_Production!$L6*Shares!K6 | ... N7: =Annual_Production!$L6*Shares!O6 | O7: =SUM(C7:N7) | P7: =O7/1000 | Q7: =ROUND(O7-Annual_Production!L6,2)
A8: Bolinao | B8: =Annual_Production!I7 | C8: =Annual_Production!$L7*Shares!D7 | D8: =Annual_Production!$L7*Shares!E7 | E8: =Annual_Production!$L7*Shares!F7 | F8: =Annual_Production!$L7*Shares!G7 | G8: =Annual_Production!$L7*Shares!H7 | H8: =Annual_Production!$L7*Shares!I7 | I8: =Annual_Production!$L7*Shares!J7 | J8: =Annual_Production!$L7*Shares!K7 | ... N8: =Annual_Production!$L7*Shares!O7 | O8: =SUM(C8:N8) | P8: =O8/1000 | Q8: =ROUND(O8-Annual_Production!L7,2)
A9: Dasol | B9: =Annual_Production!I8 | C9: =Annual_Production!$L8*Shares!D8 | D9: =Annual_Production!$L8*Shares!E8 | E9: =Annual_Production!$L8*Shares!F8 | F9: =Annual_Production!$L8*Shares!G8 | G9: =Annual_Production!$L8*Shares!H8 | H9: =Annual_Production!$L8*Shares!I8 | I9: =Annual_Production!$L8*Shares!J8 | J9: =Annual_Production!$L8*Shares!K8 | ... N9: =Annual_Production!$L8*Shares!O8 | O9: =SUM(C9:N9) | P9: =O9/1000 | Q9: =ROUND(O9-Annual_Production!L8,2)
A10: Infanta | B10: =Annual_Production!I9 | C10: =Annual_Production!$L9*Shares!D9 | D10: =Annual_Production!$L9*Shares!E9 | E10: =Annual_Production!$L9*Shares!F9 | F10: =Annual_Production!$L9*Shares!G9 | G10: =Annual_Production!$L9*Shares!H9 | H10: =Annual_Production!$L9*Shares!I9 | I10: =Annual_Production!$L9*Shares!J9 | J10: =Annual_Production!$L9*Shares!K9 | ... N10: =Annual_Production!$L9*Shares!O9 | O10: =SUM(C10:N10) | P10: =O10/1000 | Q10: =ROUND(O10-Annual_Production!L9,2)
A11: San Fabian | B11: =Annual_Production!I10 | C11: =Annual_Production!$L10*Shares!D10 | D11: =Annual_Production!$L10*Shares!E10 | E11: =Annual_Production!$L10*Shares!F10 | F11: =Annual_Production!$L10*Shares!G10 | G11: =Annual_Production!$L10*Shares!H10 | H11: =Annual_Production!$L10*Shares!I10 | I11: =Annual_Production!$L10*Shares!J10 | J11: =Annual_Production!$L10*Shares!K10 | ... N11: =Annual_Production!$L10*Shares!O10 | O11: =SUM(C11:N11) | P11: =O11/1000 | Q11: =ROUND(O11-Annual_Production!L10,2)
A12: Estimated total – 7 municipalities | C12: =SUM(C5:C11) | D12: =SUM(D5:D11) | E12: =SUM(E5:E11) | F12: =SUM(F5:F11) | G12: =SUM(G5:G11) | H12: =SUM(H5:H11) | I12: =SUM(I5:I11) | J12: =SUM(J5:J11) | ... P12: =SUM(P5:P11)
A13: FOI provincial monthly (observed, reference) | C13: =Seasonal_Profile!B4 | D13: =Seasonal_Profile!C4 | E13: =Seasonal_Profile!D4 | F13: =Seasonal_Profile!E4 | G13: =Seasonal_Profile!F4 | H13: =Seasonal_Profile!G4 | I13: =Seasonal_Profile!H4 | J13: =Seasonal_Profile!I4 | ... N13: =Seasonal_Profile!M4 | O13: =SUM(C13:N13)
A17: 2025
A18: Municipality | B18: Annual source | C18: Jan | D18: Feb | E18: Mar | F18: Apr | G18: May | H18: Jun | I18: Jul | J18: Aug | K18: Sep | L18: Oct | M18: Nov | N18: Dec | O18: Total (kg) | P18: Total (MT) | Q18: Check vs annual
A19: Alaminos City | B19: =Annual_Production!J4 | C19: =Annual_Production!$M4*Shares!D11 | D19: =Annual_Production!$M4*Shares!E11 | E19: =Annual_Production!$M4*Shares!F11 | F19: =Annual_Production!$M4*Shares!G11 | G19: =Annual_Production!$M4*Shares!H11 | H19: =Annual_Production!$M4*Shares!I11 | I19: =Annual_Production!$M4*Shares!J11 | J19: =Annual_Production!$M4*Shares!K11 | ... N19: =Annual_Production!$M4*Shares!O11 | O19: =SUM(C19:N19) | P19: =O19/1000 | Q19: =ROUND(O19-Annual_Production!M4,2)
A20: Anda | B20: =Annual_Production!J5 | C20: =Annual_Production!$M5*Shares!D12 | D20: =Annual_Production!$M5*Shares!E12 | E20: =Annual_Production!$M5*Shares!F12 | F20: =Annual_Production!$M5*Shares!G12 | G20: =Annual_Production!$M5*Shares!H12 | H20: =Annual_Production!$M5*Shares!I12 | I20: =Annual_Production!$M5*Shares!J12 | J20: =Annual_Production!$M5*Shares!K12 | ... N20: =Annual_Production!$M5*Shares!O12 | O20: =SUM(C20:N20) | P20: =O20/1000 | Q20: =ROUND(O20-Annual_Production!M5,2)
A21: Bani | B21: =Annual_Production!J6 | C21: =Annual_Production!$M6*Shares!D13 | D21: =Annual_Production!$M6*Shares!E13 | E21: =Annual_Production!$M6*Shares!F13 | F21: =Annual_Production!$M6*Shares!G13 | G21: =Annual_Production!$M6*Shares!H13 | H21: =Annual_Production!$M6*Shares!I13 | I21: =Annual_Production!$M6*Shares!J13 | J21: =Annual_Production!$M6*Shares!K13 | ... N21: =Annual_Production!$M6*Shares!O13 | O21: =SUM(C21:N21) | P21: =O21/1000 | Q21: =ROUND(O21-Annual_Production!M6,2)
A22: Bolinao | B22: =Annual_Production!J7 | C22: =Annual_Production!$M7*Shares!D14 | D22: =Annual_Production!$M7*Shares!E14 | E22: =Annual_Production!$M7*Shares!F14 | F22: =Annual_Production!$M7*Shares!G14 | G22: =Annual_Production!$M7*Shares!H14 | H22: =Annual_Production!$M7*Shares!I14 | I22: =Annual_Production!$M7*Shares!J14 | J22: =Annual_Production!$M7*Shares!K14 | ... N22: =Annual_Production!$M7*Shares!O14 | O22: =SUM(C22:N22) | P22: =O22/1000 | Q22: =ROUND(O22-Annual_Production!M7,2)
A23: Dasol | B23: =Annual_Production!J8 | C23: =Annual_Production!$M8*Shares!D15 | D23: =Annual_Production!$M8*Shares!E15 | E23: =Annual_Production!$M8*Shares!F15 | F23: =Annual_Production!$M8*Shares!G15 | G23: =Annual_Production!$M8*Shares!H15 | H23: =Annual_Production!$M8*Shares!I15 | I23: =Annual_Production!$M8*Shares!J15 | J23: =Annual_Production!$M8*Shares!K15 | ... N23: =Annual_Production!$M8*Shares!O15 | O23: =SUM(C23:N23) | P23: =O23/1000 | Q23: =ROUND(O23-Annual_Production!M8,2)
A24: Infanta | B24: =Annual_Production!J9 | C24: =Annual_Production!$M9*Shares!D16 | D24: =Annual_Production!$M9*Shares!E16 | E24: =Annual_Production!$M9*Shares!F16 | F24: =Annual_Production!$M9*Shares!G16 | G24: =Annual_Production!$M9*Shares!H16 | H24: =Annual_Production!$M9*Shares!I16 | I24: =Annual_Production!$M9*Shares!J16 | J24: =Annual_Production!$M9*Shares!K16 | ... N24: =Annual_Production!$M9*Shares!O16 | O24: =SUM(C24:N24) | P24: =O24/1000 | Q24: =ROUND(O24-Annual_Production!M9,2)
A25: San Fabian | B25: =Annual_Production!J10 | C25: =Annual_Production!$M10*Shares!D17 | D25: =Annual_Production!$M10*Shares!E17 | E25: =Annual_Production!$M10*Shares!F17 | F25: =Annual_Production!$M10*Shares!G17 | G25: =Annual_Production!$M10*Shares!H17 | H25: =Annual_Production!$M10*Shares!I17 | I25: =Annual_Production!$M10*Shares!J17 | J25: =Annual_Production!$M10*Shares!K17 | ... N25: =Annual_Production!$M10*Shares!O17 | O25: =SUM(C25:N25) | P25: =O25/1000 | Q25: =ROUND(O25-Annual_Production!M10,2)
A26: Estimated total – 7 municipalities | C26: =SUM(C19:C25) | D26: =SUM(D19:D25) | E26: =SUM(E19:E25) | F26: =SUM(F19:F25) | G26: =SUM(G19:G25) | H26: =SUM(H19:H25) | I26: =SUM(I19:I25) | J26: =SUM(J19:J25) | ... P26: =SUM(P19:P25)
A27: FOI provincial monthly (observed, reference) | C27: =Seasonal_Profile!B5 | D27: =Seasonal_Profile!C5 | E27: =Seasonal_Profile!D5 | F27: =Seasonal_Profile!E5 | G27: =Seasonal_Profile!F5 | H27: =Seasonal_Profile!G5 | I27: =Seasonal_Profile!H5 | J27: =Seasonal_Profile!I5 | ... N27: =Seasonal_Profile!M5 | O27: =SUM(C27:N27)
A30: San Fabian hybrid series 2023–2026 (equation 4: hybrid annual × share; observed profile 2024–25, pooled profile for 2023 and 2026)
A31: Municipality / year | B31: Basis | C31: Jan | D31: Feb | E31: Mar | F31: Apr | G31: May | H31: Jun | I31: Jul | J31: Aug | K31: Sep | L31: Oct | M31: Nov | N31: Dec | O31: Total (kg) | P31: Total (MT)
A32: San Fabian 2023 | B32: =Annual_Production!E37 | C32: =Annual_Production!$D37*IF(Assumptions!$B$5=3,Seasonal_Profile!B$11,IF(Assumptions!$C$19=1,Assumptions!D$19/SUM(Assumptions!$D$19:$O$19),Seasonal_Profile!B$10)) | D32: =Annual_Production!$D37*IF(Assumptions!$B$5=3,Seasonal_Profile!C$11,IF(Assumptions!$C$19=1,Assumptions!E$19/SUM(Assumptions!$D$19:$O$19),Seasonal_Profile!C$10)) | E32: =Annual_Production!$D37*IF(Assumptions!$B$5=3,Seasonal_Profile!D$11,IF(Assumptions!$C$19=1,Assumptions!F$19/SUM(Assumptions!$D$19:$O$19),Seasonal_Profile!D$10)) | F32: =Annual_Production!$D37*IF(Assumptions!$B$5=3,Seasonal_Profile!E$11,IF(Assumptions!$C$19=1,Assumptions!G$19/SUM(Assumptions!$D$19:$O$19),Seasonal_Profile!E$10)) | G32: =Annual_Production!$D37*IF(Assumptions!$B$5=3,Seasonal_Profile!F$11,IF(Assumptions!$C$19=1,Assumptions!H$19/SUM(Assumptions!$D$19:$O$19),Seasonal_Profile!F$10)) | H32: =Annual_Production!$D37*IF(Assumptions!$B$5=3,Seasonal_Profile!G$11,IF(Assumptions!$C$19=1,Assumptions!I$19/SUM(Assumptions!$D$19:$O$19),Seasonal_Profile!G$10)) | I32: =Annual_Production!$D37*IF(Assumptions!$B$5=3,Seasonal_Profile!H$11,IF(Assumptions!$C$19=1,Assumptions!J$19/SUM(Assumptions!$D$19:$O$19),Seasonal_Profile!H$10)) | J32: =Annual_Production!$D37*IF(Assumptions!$B$5=3,Seasonal_Profile!I$11,IF(Assumptions!$C$19=1,Assumptions!K$19/SUM(Assumptions!$D$19:$O$19),Seasonal_Profile!I$10)) | ... N32: =Annual_Production!$D37*IF(Assumptions!$B$5=3,Seasonal_Profile!M$11,IF(Assumptions!$C$19=1,Assumptions!O$19/SUM(Assumptions!$D$19:$O$19),Seasonal_Profile!M$10)) | O32: =SUM(C32:N32) | P32: =O32/1000
A33: San Fabian 2024 | B33: =Annual_Production!E38 | C33: =C11 | D33: =D11 | E33: =E11 | F33: =F11 | G33: =G11 | H33: =H11 | I33: =I11 | J33: =J11 | ... N33: =N11 | O33: =SUM(C33:N33) | P33: =O33/1000
A34: San Fabian 2025 | B34: =Annual_Production!E39 | C34: =C25 | D34: =D25 | E34: =E25 | F34: =F25 | G34: =G25 | H34: =H25 | I34: =I25 | J34: =J25 | ... N34: =N25 | O34: =SUM(C34:N34) | P34: =O34/1000
A35: San Fabian 2026 | B35: =Annual_Production!E40 | C35: =Annual_Production!$D40*IF(Assumptions!$B$5=3,Seasonal_Profile!B$11,IF(Assumptions!$C$19=1,Assumptions!D$19/SUM(Assumptions!$D$19:$O$19),Seasonal_Profile!B$10)) | D35: =Annual_Production!$D40*IF(Assumptions!$B$5=3,Seasonal_Profile!C$11,IF(Assumptions!$C$19=1,Assumptions!E$19/SUM(Assumptions!$D$19:$O$19),Seasonal_Profile!C$10)) | E35: =Annual_Production!$D40*IF(Assumptions!$B$5=3,Seasonal_Profile!D$11,IF(Assumptions!$C$19=1,Assumptions!F$19/SUM(Assumptions!$D$19:$O$19),Seasonal_Profile!D$10)) | F35: =Annual_Production!$D40*IF(Assumptions!$B$5=3,Seasonal_Profile!E$11,IF(Assumptions!$C$19=1,Assumptions!G$19/SUM(Assumptions!$D$19:$O$19),Seasonal_Profile!E$10)) | G35: =Annual_Production!$D40*IF(Assumptions!$B$5=3,Seasonal_Profile!F$11,IF(Assumptions!$C$19=1,Assumptions!H$19/SUM(Assumptions!$D$19:$O$19),Seasonal_Profile!F$10)) | H35: =Annual_Production!$D40*IF(Assumptions!$B$5=3,Seasonal_Profile!G$11,IF(Assumptions!$C$19=1,Assumptions!I$19/SUM(Assumptions!$D$19:$O$19),Seasonal_Profile!G$10)) | I35: =Annual_Production!$D40*IF(Assumptions!$B$5=3,Seasonal_Profile!H$11,IF(Assumptions!$C$19=1,Assumptions!J$19/SUM(Assumptions!$D$19:$O$19),Seasonal_Profile!H$10)) | J35: =Annual_Production!$D40*IF(Assumptions!$B$5=3,Seasonal_Profile!I$11,IF(Assumptions!$C$19=1,Assumptions!K$19/SUM(Assumptions!$D$19:$O$19),Seasonal_Profile!I$10)) | ... N35: =Annual_Production!$D40*IF(Assumptions!$B$5=3,Seasonal_Profile!M$11,IF(Assumptions!$C$19=1,Assumptions!O$19/SUM(Assumptions!$D$19:$O$19),Seasonal_Profile!M$10)) | O35: =SUM(C35:N35) | P35: =O35/1000

Sheet Monthly_Long
A1: Monthly estimates – long format (database-ready)
A2: One row per municipality × year × month. Values link to Monthly_Estimates.
A3: Municipality | B3: Year | C3: Month no. | D3: Month | E3: Estimated production (kg) | F3: Estimated production (MT) | G3: Annual source | H3: Method | I3: Confidence tier
A4: Alaminos City | B4: 2024 | C4: 1 | D4: Jan | E4: =Monthly_Estimates!C5 | F4: =E4/1000 | G4: =Monthly_Estimates!B5 | H4: =CHOOSE(Assumptions!$B$5,"Observed provincial profile + windows","Pooled profile + windows","Linear arithmetic") | I4: Medium–High (primary rate within 3% of FOI) (2024: FOI coverage limited)
A5: Alaminos City | B5: 2024 | C5: 2 | D5: Feb | E5: =Monthly_Estimates!D5 | F5: =E5/1000 | G5: =Monthly_Estimates!B5 | H5: =CHOOSE(Assumptions!$B$5,"Observed provincial profile + windows","Pooled profile + windows","Linear arithmetic") | I5: Medium–High (primary rate within 3% of FOI) (2024: FOI coverage limited)
A6: Alaminos City | B6: 2024 | C6: 3 | D6: Mar | E6: =Monthly_Estimates!E5 | F6: =E6/1000 | G6: =Monthly_Estimates!B5 | H6: =CHOOSE(Assumptions!$B$5,"Observed provincial profile + windows","Pooled profile + windows","Linear arithmetic") | I6: Medium–High (primary rate within 3% of FOI) (2024: FOI coverage limited)
A7: Alaminos City | B7: 2024 | C7: 4 | D7: Apr | E7: =Monthly_Estimates!F5 | F7: =E7/1000 | G7: =Monthly_Estimates!B5 | H7: =CHOOSE(Assumptions!$B$5,"Observed provincial profile + windows","Pooled profile + windows","Linear arithmetic") | I7: Medium–High (primary rate within 3% of FOI) (2024: FOI coverage limited)
A8: Alaminos City | B8: 2024 | C8: 5 | D8: May | E8: =Monthly_Estimates!G5 | F8: =E8/1000 | G8: =Monthly_Estimates!B5 | H8: =CHOOSE(Assumptions!$B$5,"Observed provincial profile + windows","Pooled profile + windows","Linear arithmetic") | I8: Medium–High (primary rate within 3% of FOI) (2024: FOI coverage limited)
A9: Alaminos City | B9: 2024 | C9: 6 | D9: Jun | E9: =Monthly_Estimates!H5 | F9: =E9/1000 | G9: =Monthly_Estimates!B5 | H9: =CHOOSE(Assumptions!$B$5,"Observed provincial profile + windows","Pooled profile + windows","Linear arithmetic") | I9: Medium–High (primary rate within 3% of FOI) (2024: FOI coverage limited)
A10: Alaminos City | B10: 2024 | C10: 7 | D10: Jul | E10: =Monthly_Estimates!I5 | F10: =E10/1000 | G10: =Monthly_Estimates!B5 | H10: =CHOOSE(Assumptions!$B$5,"Observed provincial profile + windows","Pooled profile + windows","Linear arithmetic") | I10: Medium–High (primary rate within 3% of FOI) (2024: FOI coverage limited)
A11: Alaminos City | B11: 2024 | C11: 8 | D11: Aug | E11: =Monthly_Estimates!J5 | F11: =E11/1000 | G11: =Monthly_Estimates!B5 | H11: =CHOOSE(Assumptions!$B$5,"Observed provincial profile + windows","Pooled profile + windows","Linear arithmetic") | I11: Medium–High (primary rate within 3% of FOI) (2024: FOI coverage limited)
A12: Alaminos City | B12: 2024 | C12: 9 | D12: Sep | E12: =Monthly_Estimates!K5 | F12: =E12/1000 | G12: =Monthly_Estimates!B5 | H12: =CHOOSE(Assumptions!$B$5,"Observed provincial profile + windows","Pooled profile + windows","Linear arithmetic") | I12: Medium–High (primary rate within 3% of FOI) (2024: FOI coverage limited)
A13: Alaminos City | B13: 2024 | C13: 10 | D13: Oct | E13: =Monthly_Estimates!L5 | F13: =E13/1000 | G13: =Monthly_Estimates!B5 | H13: =CHOOSE(Assumptions!$B$5,"Observed provincial profile + windows","Pooled profile + windows","Linear arithmetic") | I13: Medium–High (primary rate within 3% of FOI) (2024: FOI coverage limited)
A14: Alaminos City | B14: 2024 | C14: 11 | D14: Nov | E14: =Monthly_Estimates!M5 | F14: =E14/1000 | G14: =Monthly_Estimates!B5 | H14: =CHOOSE(Assumptions!$B$5,"Observed provincial profile + windows","Pooled profile + windows","Linear arithmetic") | I14: Medium–High (primary rate within 3% of FOI) (2024: FOI coverage limited)
A15: Alaminos City | B15: 2024 | C15: 12 | D15: Dec | E15: =Monthly_Estimates!N5 | F15: =E15/1000 | G15: =Monthly_Estimates!B5 | H15: =CHOOSE(Assumptions!$B$5,"Observed provincial profile + windows","Pooled profile + windows","Linear arithmetic") | I15: Medium–High (primary rate within 3% of FOI) (2024: FOI coverage limited)
A16: Anda | B16: 2024 | C16: 1 | D16: Jan | E16: =Monthly_Estimates!C6 | F16: =E16/1000 | G16: =Monthly_Estimates!B6 | H16: =CHOOSE(Assumptions!$B$5,"Observed provincial profile + windows","Pooled profile + windows","Linear arithmetic") | I16: Low–Medium (2024: FOI coverage limited)
A17: Anda | B17: 2024 | C17: 2 | D17: Feb | E17: =Monthly_Estimates!D6 | F17: =E17/1000 | G17: =Monthly_Estimates!B6 | H17: =CHOOSE(Assumptions!$B$5,"Observed provincial profile + windows","Pooled profile + windows","Linear arithmetic") | I17: Low–Medium (2024: FOI coverage limited)
A18: Anda | B18: 2024 | C18: 3 | D18: Mar | E18: =Monthly_Estimates!E6 | F18: =E18/1000 | G18: =Monthly_Estimates!B6 | H18: =CHOOSE(Assumptions!$B$5,"Observed provincial profile + windows","Pooled profile + windows","Linear arithmetic") | I18: Low–Medium (2024: FOI coverage limited)
A19: Anda | B19: 2024 | C19: 4 | D19: Apr | E19: =Monthly_Estimates!F6 | F19: =E19/1000 | G19: =Monthly_Estimates!B6 | H19: =CHOOSE(Assumptions!$B$5,"Observed provincial profile + windows","Pooled profile + windows","Linear arithmetic") | I19: Low–Medium (2024: FOI coverage limited)
A20: Anda | B20: 2024 | C20: 5 | D20: May | E20: =Monthly_Estimates!G6 | F20: =E20/1000 | G20: =Monthly_Estimates!B6 | H20: =CHOOSE(Assumptions!$B$5,"Observed provincial profile + windows","Pooled profile + windows","Linear arithmetic") | I20: Low–Medium (2024: FOI coverage limited)
A21: Anda | B21: 2024 | C21: 6 | D21: Jun | E21: =Monthly_Estimates!H6 | F21: =E21/1000 | G21: =Monthly_Estimates!B6 | H21: =CHOOSE(Assumptions!$B$5,"Observed provincial profile + windows","Pooled profile + windows","Linear arithmetic") | I21: Low–Medium (2024: FOI coverage limited)
A22: Anda | B22: 2024 | C22: 7 | D22: Jul | E22: =Monthly_Estimates!I6 | F22: =E22/1000 | G22: =Monthly_Estimates!B6 | H22: =CHOOSE(Assumptions!$B$5,"Observed provincial profile + windows","Pooled profile + windows","Linear arithmetic") | I22: Low–Medium (2024: FOI coverage limited)
A23: Anda | B23: 2024 | C23: 8 | D23: Aug | E23: =Monthly_Estimates!J6 | F23: =E23/1000 | G23: =Monthly_Estimates!B6 | H23: =CHOOSE(Assumptions!$B$5,"Observed provincial profile + windows","Pooled profile + windows","Linear arithmetic") | I23: Low–Medium (2024: FOI coverage limited)
A24: Anda | B24: 2024 | C24: 9 | D24: Sep | E24: =Monthly_Estimates!K6 | F24: =E24/1000 | G24: =Monthly_Estimates!B6 | H24: =CHOOSE(Assumptions!$B$5,"Observed provincial profile + windows","Pooled profile + windows","Linear arithmetic") | I24: Low–Medium (2024: FOI coverage limited)
A25: Anda | B25: 2024 | C25: 10 | D25: Oct | E25: =Monthly_Estimates!L6 | F25: =E25/1000 | G25: =Monthly_Estimates!B6 | H25: =CHOOSE(Assumptions!$B$5,"Observed provincial profile + windows","Pooled profile + windows","Linear arithmetic") | I25: Low–Medium (2024: FOI coverage limited)
A26: Anda | B26: 2024 | C26: 11 | D26: Nov | E26: =Monthly_Estimates!M6 | F26: =E26/1000 | G26: =Monthly_Estimates!B6 | H26: =CHOOSE(Assumptions!$B$5,"Observed provincial profile + windows","Pooled profile + windows","Linear arithmetic") | I26: Low–Medium (2024: FOI coverage limited)
A27: Anda | B27: 2024 | C27: 12 | D27: Dec | E27: =Monthly_Estimates!N6 | F27: =E27/1000 | G27: =Monthly_Estimates!B6 | H27: =CHOOSE(Assumptions!$B$5,"Observed provincial profile + windows","Pooled profile + windows","Linear arithmetic") | I27: Low–Medium (2024: FOI coverage limited)
A28: Bani | B28: 2024 | C28: 1 | D28: Jan | E28: =Monthly_Estimates!C7 | F28: =E28/1000 | G28: =Monthly_Estimates!B7 | H28: =CHOOSE(Assumptions!$B$5,"Observed provincial profile + windows","Pooled profile + windows","Linear arithmetic") | I28: Low–Medium (2024: FOI coverage limited)
A29: Bani | B29: 2024 | C29: 2 | D29: Feb | E29: =Monthly_Estimates!D7 | F29: =E29/1000 | G29: =Monthly_Estimates!B7 | H29: =CHOOSE(Assumptions!$B$5,"Observed provincial profile + windows","Pooled profile + windows","Linear arithmetic") | I29: Low–Medium (2024: FOI coverage limited)
A30: Bani | B30: 2024 | C30: 3 | D30: Mar | E30: =Monthly_Estimates!E7 | F30: =E30/1000 | G30: =Monthly_Estimates!B7 | H30: =CHOOSE(Assumptions!$B$5,"Observed provincial profile + windows","Pooled profile + windows","Linear arithmetic") | I30: Low–Medium (2024: FOI coverage limited)
A31: Bani | B31: 2024 | C31: 4 | D31: Apr | E31: =Monthly_Estimates!F7 | F31: =E31/1000 | G31: =Monthly_Estimates!B7 | H31: =CHOOSE(Assumptions!$B$5,"Observed provincial profile + windows","Pooled profile + windows","Linear arithmetic") | I31: Low–Medium (2024: FOI coverage limited)
A32: Bani | B32: 2024 | C32: 5 | D32: May | E32: =Monthly_Estimates!G7 | F32: =E32/1000 | G32: =Monthly_Estimates!B7 | H32: =CHOOSE(Assumptions!$B$5,"Observed provincial profile + windows","Pooled profile + windows","Linear arithmetic") | I32: Low–Medium (2024: FOI coverage limited)
A33: Bani | B33: 2024 | C33: 6 | D33: Jun | E33: =Monthly_Estimates!H7 | F33: =E33/1000 | G33: =Monthly_Estimates!B7 | H33: =CHOOSE(Assumptions!$B$5,"Observed provincial profile + windows","Pooled profile + windows","Linear arithmetic") | I33: Low–Medium (2024: FOI coverage limited)
A34: Bani | B34: 2024 | C34: 7 | D34: Jul | E34: =Monthly_Estimates!I7 | F34: =E34/1000 | G34: =Monthly_Estimates!B7 | H34: =CHOOSE(Assumptions!$B$5,"Observed provincial profile + windows","Pooled profile + windows","Linear arithmetic") | I34: Low–Medium (2024: FOI coverage limited)
A35: Bani | B35: 2024 | C35: 8 | D35: Aug | E35: =Monthly_Estimates!J7 | F35: =E35/1000 | G35: =Monthly_Estimates!B7 | H35: =CHOOSE(Assumptions!$B$5,"Observed provincial profile + windows","Pooled profile + windows","Linear arithmetic") | I35: Low–Medium (2024: FOI coverage limited)
A36: Bani | B36: 2024 | C36: 9 | D36: Sep | E36: =Monthly_Estimates!K7 | F36: =E36/1000 | G36: =Monthly_Estimates!B7 | H36: =CHOOSE(Assumptions!$B$5,"Observed provincial profile + windows","Pooled profile + windows","Linear arithmetic") | I36: Low–Medium (2024: FOI coverage limited)
A37: Bani | B37: 2024 | C37: 10 | D37: Oct | E37: =Monthly_Estimates!L7 | F37: =E37/1000 | G37: =Monthly_Estimates!B7 | H37: =CHOOSE(Assumptions!$B$5,"Observed provincial profile + windows","Pooled profile + windows","Linear arithmetic") | I37: Low–Medium (2024: FOI coverage limited)
A38: Bani | B38: 2024 | C38: 11 | D38: Nov | E38: =Monthly_Estimates!M7 | F38: =E38/1000 | G38: =Monthly_Estimates!B7 | H38: =CHOOSE(Assumptions!$B$5,"Observed provincial profile + windows","Pooled profile + windows","Linear arithmetic") | I38: Low–Medium (2024: FOI coverage limited)
A39: Bani | B39: 2024 | C39: 12 | D39: Dec | E39: =Monthly_Estimates!N7 | F39: =E39/1000 | G39: =Monthly_Estimates!B7 | H39: =CHOOSE(Assumptions!$B$5,"Observed provincial profile + windows","Pooled profile + windows","Linear arithmetic") | I39: Low–Medium (2024: FOI coverage limited)
A40: Bolinao | B40: 2024 | C40: 1 | D40: Jan | E40: =Monthly_Estimates!C8 | F40: =E40/1000 | G40: =Monthly_Estimates!B8 | H40: =CHOOSE(Assumptions!$B$5,"Observed provincial profile + windows","Pooled profile + windows","Linear arithmetic") | I40: Low–Medium (2024: FOI coverage limited)
A41: Bolinao | B41: 2024 | C41: 2 | D41: Feb | E41: =Monthly_Estimates!D8 | F41: =E41/1000 | G41: =Monthly_Estimates!B8 | H41: =CHOOSE(Assumptions!$B$5,"Observed provincial profile + windows","Pooled profile + windows","Linear arithmetic") | I41: Low–Medium (2024: FOI coverage limited)
A42: Bolinao | B42: 2024 | C42: 3 | D42: Mar | E42: =Monthly_Estimates!E8 | F42: =E42/1000 | G42: =Monthly_Estimates!B8 | H42: =CHOOSE(Assumptions!$B$5,"Observed provincial profile + windows","Pooled profile + windows","Linear arithmetic") | I42: Low–Medium (2024: FOI coverage limited)
A43: Bolinao | B43: 2024 | C43: 4 | D43: Apr | E43: =Monthly_Estimates!F8 | F43: =E43/1000 | G43: =Monthly_Estimates!B8 | H43: =CHOOSE(Assumptions!$B$5,"Observed provincial profile + windows","Pooled profile + windows","Linear arithmetic") | I43: Low–Medium (2024: FOI coverage limited)
A44: Bolinao | B44: 2024 | C44: 5 | D44: May | E44: =Monthly_Estimates!G8 | F44: =E44/1000 | G44: =Monthly_Estimates!B8 | H44: =CHOOSE(Assumptions!$B$5,"Observed provincial profile + windows","Pooled profile + windows","Linear arithmetic") | I44: Low–Medium (2024: FOI coverage limited)
A45: Bolinao | B45: 2024 | C45: 6 | D45: Jun | E45: =Monthly_Estimates!H8 | F45: =E45/1000 | G45: =Monthly_Estimates!B8 | H45: =CHOOSE(Assumptions!$B$5,"Observed provincial profile + windows","Pooled profile + windows","Linear arithmetic") | I45: Low–Medium (2024: FOI coverage limited)
A46: Bolinao | B46: 2024 | C46: 7 | D46: Jul | E46: =Monthly_Estimates!I8 | F46: =E46/1000 | G46: =Monthly_Estimates!B8 | H46: =CHOOSE(Assumptions!$B$5,"Observed provincial profile + windows","Pooled profile + windows","Linear arithmetic") | I46: Low–Medium (2024: FOI coverage limited)
A47: Bolinao | B47: 2024 | C47: 8 | D47: Aug | E47: =Monthly_Estimates!J8 | F47: =E47/1000 | G47: =Monthly_Estimates!B8 | H47: =CHOOSE(Assumptions!$B$5,"Observed provincial profile + windows","Pooled profile + windows","Linear arithmetic") | I47: Low–Medium (2024: FOI coverage limited)
A48: Bolinao | B48: 2024 | C48: 9 | D48: Sep | E48: =Monthly_Estimates!K8 | F48: =E48/1000 | G48: =Monthly_Estimates!B8 | H48: =CHOOSE(Assumptions!$B$5,"Observed provincial profile + windows","Pooled profile + windows","Linear arithmetic") | I48: Low–Medium (2024: FOI coverage limited)
A49: Bolinao | B49: 2024 | C49: 10 | D49: Oct | E49: =Monthly_Estimates!L8 | F49: =E49/1000 | G49: =Monthly_Estimates!B8 | H49: =CHOOSE(Assumptions!$B$5,"Observed provincial profile + windows","Pooled profile + windows","Linear arithmetic") | I49: Low–Medium (2024: FOI coverage limited)
A50: Bolinao | B50: 2024 | C50: 11 | D50: Nov | E50: =Monthly_Estimates!M8 | F50: =E50/1000 | G50: =Monthly_Estimates!B8 | H50: =CHOOSE(Assumptions!$B$5,"Observed provincial profile + windows","Pooled profile + windows","Linear arithmetic") | I50: Low–Medium (2024: FOI coverage limited)
A51: Bolinao | B51: 2024 | C51: 12 | D51: Dec | E51: =Monthly_Estimates!N8 | F51: =E51/1000 | G51: =Monthly_Estimates!B8 | H51: =CHOOSE(Assumptions!$B$5,"Observed provincial profile + windows","Pooled profile + windows","Linear arithmetic") | I51: Low–Medium (2024: FOI coverage limited)
A52: Dasol | B52: 2024 | C52: 1 | D52: Jan | E52: =Monthly_Estimates!C9 | F52: =E52/1000 | G52: =Monthly_Estimates!B9 | H52: =CHOOSE(Assumptions!$B$5,"Observed provincial profile + windows","Pooled profile + windows","Linear arithmetic") | I52: Low (2024: FOI coverage limited)
A53: Dasol | B53: 2024 | C53: 2 | D53: Feb | E53: =Monthly_Estimates!D9 | F53: =E53/1000 | G53: =Monthly_Estimates!B9 | H53: =CHOOSE(Assumptions!$B$5,"Observed provincial profile + windows","Pooled profile + windows","Linear arithmetic") | I53: Low (2024: FOI coverage limited)
A54: Dasol | B54: 2024 | C54: 3 | D54: Mar | E54: =Monthly_Estimates!E9 | F54: =E54/1000 | G54: =Monthly_Estimates!B9 | H54: =CHOOSE(Assumptions!$B$5,"Observed provincial profile + windows","Pooled profile + windows","Linear arithmetic") | I54: Low (2024: FOI coverage limited)
A55: Dasol | B55: 2024 | C55: 4 | D55: Apr | E55: =Monthly_Estimates!F9 | F55: =E55/1000 | G55: =Monthly_Estimates!B9 | H55: =CHOOSE(Assumptions!$B$5,"Observed provincial profile + windows","Pooled profile + windows","Linear arithmetic") | I55: Low (2024: FOI coverage limited)
A56: Dasol | B56: 2024 | C56: 5 | D56: May | E56: =Monthly_Estimates!G9 | F56: =E56/1000 | G56: =Monthly_Estimates!B9 | H56: =CHOOSE(Assumptions!$B$5,"Observed provincial profile + windows","Pooled profile + windows","Linear arithmetic") | I56: Low (2024: FOI coverage limited)
A57: Dasol | B57: 2024 | C57: 6 | D57: Jun | E57: =Monthly_Estimates!H9 | F57: =E57/1000 | G57: =Monthly_Estimates!B9 | H57: =CHOOSE(Assumptions!$B$5,"Observed provincial profile + windows","Pooled profile + windows","Linear arithmetic") | I57: Low (2024: FOI coverage limited)
A58: Dasol | B58: 2024 | C58: 7 | D58: Jul | E58: =Monthly_Estimates!I9 | F58: =E58/1000 | G58: =Monthly_Estimates!B9 | H58: =CHOOSE(Assumptions!$B$5,"Observed provincial profile + windows","Pooled profile + windows","Linear arithmetic") | I58: Low (2024: FOI coverage limited)
A59: Dasol | B59: 2024 | C59: 8 | D59: Aug | E59: =Monthly_Estimates!J9 | F59: =E59/1000 | G59: =Monthly_Estimates!B9 | H59: =CHOOSE(Assumptions!$B$5,"Observed provincial profile + windows","Pooled profile + windows","Linear arithmetic") | I59: Low (2024: FOI coverage limited)
A60: Dasol | B60: 2024 | C60: 9 | D60: Sep | E60: =Monthly_Estimates!K9 | F60: =E60/1000 | G60: =Monthly_Estimates!B9 | H60: =CHOOSE(Assumptions!$B$5,"Observed provincial profile + windows","Pooled profile + windows","Linear arithmetic") | I60: Low (2024: FOI coverage limited)
A61: Dasol | B61: 2024 | C61: 10 | D61: Oct | E61: =Monthly_Estimates!L9 | F61: =E61/1000 | G61: =Monthly_Estimates!B9 | H61: =CHOOSE(Assumptions!$B$5,"Observed provincial profile + windows","Pooled profile + windows","Linear arithmetic") | I61: Low (2024: FOI coverage limited)
A62: Dasol | B62: 2024 | C62: 11 | D62: Nov | E62: =Monthly_Estimates!M9 | F62: =E62/1000 | G62: =Monthly_Estimates!B9 | H62: =CHOOSE(Assumptions!$B$5,"Observed provincial profile + windows","Pooled profile + windows","Linear arithmetic") | I62: Low (2024: FOI coverage limited)
A63: Dasol | B63: 2024 | C63: 12 | D63: Dec | E63: =Monthly_Estimates!N9 | F63: =E63/1000 | G63: =Monthly_Estimates!B9 | H63: =CHOOSE(Assumptions!$B$5,"Observed provincial profile + windows","Pooled profile + windows","Linear arithmetic") | I63: Low (2024: FOI coverage limited)
A64: Infanta | B64: 2024 | C64: 1 | D64: Jan | E64: =Monthly_Estimates!C10 | F64: =E64/1000 | G64: =Monthly_Estimates!B10 | H64: =CHOOSE(Assumptions!$B$5,"Observed provincial profile + windows","Pooled profile + windows","Linear arithmetic") | I64: Low–Medium (2024: FOI coverage limited)
A65: Infanta | B65: 2024 | C65: 2 | D65: Feb | E65: =Monthly_Estimates!D10 | F65: =E65/1000 | G65: =Monthly_Estimates!B10 | H65: =CHOOSE(Assumptions!$B$5,"Observed provincial profile + windows","Pooled profile + windows","Linear arithmetic") | I65: Low–Medium (2024: FOI coverage limited)
A66: Infanta | B66: 2024 | C66: 3 | D66: Mar | E66: =Monthly_Estimates!E10 | F66: =E66/1000 | G66: =Monthly_Estimates!B10 | H66: =CHOOSE(Assumptions!$B$5,"Observed provincial profile + windows","Pooled profile + windows","Linear arithmetic") | I66: Low–Medium (2024: FOI coverage limited)
A67: Infanta | B67: 2024 | C67: 4 | D67: Apr | E67: =Monthly_Estimates!F10 | F67: =E67/1000 | G67: =Monthly_Estimates!B10 | H67: =CHOOSE(Assumptions!$B$5,"Observed provincial profile + windows","Pooled profile + windows","Linear arithmetic") | I67: Low–Medium (2024: FOI coverage limited)
A68: Infanta | B68: 2024 | C68: 5 | D68: May | E68: =Monthly_Estimates!G10 | F68: =E68/1000 | G68: =Monthly_Estimates!B10 | H68: =CHOOSE(Assumptions!$B$5,"Observed provincial profile + windows","Pooled profile + windows","Linear arithmetic") | I68: Low–Medium (2024: FOI coverage limited)
A69: Infanta | B69: 2024 | C69: 6 | D69: Jun | E69: =Monthly_Estimates!H10 | F69: =E69/1000 | G69: =Monthly_Estimates!B10 | H69: =CHOOSE(Assumptions!$B$5,"Observed provincial profile + windows","Pooled profile + windows","Linear arithmetic") | I69: Low–Medium (2024: FOI coverage limited)
A70: Infanta | B70: 2024 | C70: 7 | D70: Jul | E70: =Monthly_Estimates!I10 | F70: =E70/1000 | G70: =Monthly_Estimates!B10 | H70: =CHOOSE(Assumptions!$B$5,"Observed provincial profile + windows","Pooled profile + windows","Linear arithmetic") | I70: Low–Medium (2024: FOI coverage limited)
A71: Infanta | B71: 2024 | C71: 8 | D71: Aug | E71: =Monthly_Estimates!J10 | F71: =E71/1000 | G71: =Monthly_Estimates!B10 | H71: =CHOOSE(Assumptions!$B$5,"Observed provincial profile + windows","Pooled profile + windows","Linear arithmetic") | I71: Low–Medium (2024: FOI coverage limited)
A72: Infanta | B72: 2024 | C72: 9 | D72: Sep | E72: =Monthly_Estimates!K10 | F72: =E72/1000 | G72: =Monthly_Estimates!B10 | H72: =CHOOSE(Assumptions!$B$5,"Observed provincial profile + windows","Pooled profile + windows","Linear arithmetic") | I72: Low–Medium (2024: FOI coverage limited)
A73: Infanta | B73: 2024 | C73: 10 | D73: Oct | E73: =Monthly_Estimates!L10 | F73: =E73/1000 | G73: =Monthly_Estimates!B10 | H73: =CHOOSE(Assumptions!$B$5,"Observed provincial profile + windows","Pooled profile + windows","Linear arithmetic") | I73: Low–Medium (2024: FOI coverage limited)
A74: Infanta | B74: 2024 | C74: 11 | D74: Nov | E74: =Monthly_Estimates!M10 | F74: =E74/1000 | G74: =Monthly_Estimates!B10 | H74: =CHOOSE(Assumptions!$B$5,"Observed provincial profile + windows","Pooled profile + windows","Linear arithmetic") | I74: Low–Medium (2024: FOI coverage limited)
A75: Infanta | B75: 2024 | C75: 12 | D75: Dec | E75: =Monthly_Estimates!N10 | F75: =E75/1000 | G75: =Monthly_Estimates!B10 | H75: =CHOOSE(Assumptions!$B$5,"Observed provincial profile + windows","Pooled profile + windows","Linear arithmetic") | I75: Low–Medium (2024: FOI coverage limited)
A76: San Fabian | B76: 2024 | C76: 1 | D76: Jan | E76: =Monthly_Estimates!C11 | F76: =E76/1000 | G76: =Monthly_Estimates!B11 | H76: =CHOOSE(Assumptions!$B$5,"Observed provincial profile + windows","Pooled profile + windows","Linear arithmetic") | I76: Medium–High
A77: San Fabian | B77: 2024 | C77: 2 | D77: Feb | E77: =Monthly_Estimates!D11 | F77: =E77/1000 | G77: =Monthly_Estimates!B11 | H77: =CHOOSE(Assumptions!$B$5,"Observed provincial profile + windows","Pooled profile + windows","Linear arithmetic") | I77: Medium–High
A78: San Fabian | B78: 2024 | C78: 3 | D78: Mar | E78: =Monthly_Estimates!E11 | F78: =E78/1000 | G78: =Monthly_Estimates!B11 | H78: =CHOOSE(Assumptions!$B$5,"Observed provincial profile + windows","Pooled profile + windows","Linear arithmetic") | I78: Medium–High
A79: San Fabian | B79: 2024 | C79: 4 | D79: Apr | E79: =Monthly_Estimates!F11 | F79: =E79/1000 | G79: =Monthly_Estimates!B11 | H79: =CHOOSE(Assumptions!$B$5,"Observed provincial profile + windows","Pooled profile + windows","Linear arithmetic") | I79: Medium–High
A80: San Fabian | B80: 2024 | C80: 5 | D80: May | E80: =Monthly_Estimates!G11 | F80: =E80/1000 | G80: =Monthly_Estimates!B11 | H80: =CHOOSE(Assumptions!$B$5,"Observed provincial profile + windows","Pooled profile + windows","Linear arithmetic") | I80: Medium–High
A81: San Fabian | B81: 2024 | C81: 6 | D81: Jun | E81: =Monthly_Estimates!H11 | F81: =E81/1000 | G81: =Monthly_Estimates!B11 | H81: =CHOOSE(Assumptions!$B$5,"Observed provincial profile + windows","Pooled profile + windows","Linear arithmetic") | I81: Medium–High
A82: San Fabian | B82: 2024 | C82: 7 | D82: Jul | E82: =Monthly_Estimates!I11 | F82: =E82/1000 | G82: =Monthly_Estimates!B11 | H82: =CHOOSE(Assumptions!$B$5,"Observed provincial profile + windows","Pooled profile + windows","Linear arithmetic") | I82: Medium–High
A83: San Fabian | B83: 2024 | C83: 8 | D83: Aug | E83: =Monthly_Estimates!J11 | F83: =E83/1000 | G83: =Monthly_Estimates!B11 | H83: =CHOOSE(Assumptions!$B$5,"Observed provincial profile + windows","Pooled profile + windows","Linear arithmetic") | I83: Medium–High
A84: San Fabian | B84: 2024 | C84: 9 | D84: Sep | E84: =Monthly_Estimates!K11 | F84: =E84/1000 | G84: =Monthly_Estimates!B11 | H84: =CHOOSE(Assumptions!$B$5,"Observed provincial profile + windows","Pooled profile + windows","Linear arithmetic") | I84: Medium–High
A85: San Fabian | B85: 2024 | C85: 10 | D85: Oct | E85: =Monthly_Estimates!L11 | F85: =E85/1000 | G85: =Monthly_Estimates!B11 | H85: =CHOOSE(Assumptions!$B$5,"Observed provincial profile + windows","Pooled profile + windows","Linear arithmetic") | I85: Medium–High
A86: San Fabian | B86: 2024 | C86: 11 | D86: Nov | E86: =Monthly_Estimates!M11 | F86: =E86/1000 | G86: =Monthly_Estimates!B11 | H86: =CHOOSE(Assumptions!$B$5,"Observed provincial profile + windows","Pooled profile + windows","Linear arithmetic") | I86: Medium–High
A87: San Fabian | B87: 2024 | C87: 12 | D87: Dec | E87: =Monthly_Estimates!N11 | F87: =E87/1000 | G87: =Monthly_Estimates!B11 | H87: =CHOOSE(Assumptions!$B$5,"Observed provincial profile + windows","Pooled profile + windows","Linear arithmetic") | I87: Medium–High
A88: Alaminos City | B88: 2025 | C88: 1 | D88: Jan | E88: =Monthly_Estimates!C19 | F88: =E88/1000 | G88: =Monthly_Estimates!B19 | H88: =CHOOSE(Assumptions!$B$5,"Observed provincial profile + windows","Pooled profile + windows","Linear arithmetic") | I88: Medium–High (primary rate within 3% of FOI)
A89: Alaminos City | B89: 2025 | C89: 2 | D89: Feb | E89: =Monthly_Estimates!D19 | F89: =E89/1000 | G89: =Monthly_Estimates!B19 | H89: =CHOOSE(Assumptions!$B$5,"Observed provincial profile + windows","Pooled profile + windows","Linear arithmetic") | I89: Medium–High (primary rate within 3% of FOI)
A90: Alaminos City | B90: 2025 | C90: 3 | D90: Mar | E90: =Monthly_Estimates!E19 | F90: =E90/1000 | G90: =Monthly_Estimates!B19 | H90: =CHOOSE(Assumptions!$B$5,"Observed provincial profile + windows","Pooled profile + windows","Linear arithmetic") | I90: Medium–High (primary rate within 3% of FOI)
A91: Alaminos City | B91: 2025 | C91: 4 | D91: Apr | E91: =Monthly_Estimates!F19 | F91: =E91/1000 | G91: =Monthly_Estimates!B19 | H91: =CHOOSE(Assumptions!$B$5,"Observed provincial profile + windows","Pooled profile + windows","Linear arithmetic") | I91: Medium–High (primary rate within 3% of FOI)
A92: Alaminos City | B92: 2025 | C92: 5 | D92: May | E92: =Monthly_Estimates!G19 | F92: =E92/1000 | G92: =Monthly_Estimates!B19 | H92: =CHOOSE(Assumptions!$B$5,"Observed provincial profile + windows","Pooled profile + windows","Linear arithmetic") | I92: Medium–High (primary rate within 3% of FOI)
A93: Alaminos City | B93: 2025 | C93: 6 | D93: Jun | E93: =Monthly_Estimates!H19 | F93: =E93/1000 | G93: =Monthly_Estimates!B19 | H93: =CHOOSE(Assumptions!$B$5,"Observed provincial profile + windows","Pooled profile + windows","Linear arithmetic") | I93: Medium–High (primary rate within 3% of FOI)
A94: Alaminos City | B94: 2025 | C94: 7 | D94: Jul | E94: =Monthly_Estimates!I19 | F94: =E94/1000 | G94: =Monthly_Estimates!B19 | H94: =CHOOSE(Assumptions!$B$5,"Observed provincial profile + windows","Pooled profile + windows","Linear arithmetic") | I94: Medium–High (primary rate within 3% of FOI)
A95: Alaminos City | B95: 2025 | C95: 8 | D95: Aug | E95: =Monthly_Estimates!J19 | F95: =E95/1000 | G95: =Monthly_Estimates!B19 | H95: =CHOOSE(Assumptions!$B$5,"Observed provincial profile + windows","Pooled profile + windows","Linear arithmetic") | I95: Medium–High (primary rate within 3% of FOI)
A96: Alaminos City | B96: 2025 | C96: 9 | D96: Sep | E96: =Monthly_Estimates!K19 | F96: =E96/1000 | G96: =Monthly_Estimates!B19 | H96: =CHOOSE(Assumptions!$B$5,"Observed provincial profile + windows","Pooled profile + windows","Linear arithmetic") | I96: Medium–High (primary rate within 3% of FOI)
A97: Alaminos City | B97: 2025 | C97: 10 | D97: Oct | E97: =Monthly_Estimates!L19 | F97: =E97/1000 | G97: =Monthly_Estimates!B19 | H97: =CHOOSE(Assumptions!$B$5,"Observed provincial profile + windows","Pooled profile + windows","Linear arithmetic") | I97: Medium–High (primary rate within 3% of FOI)
A98: Alaminos City | B98: 2025 | C98: 11 | D98: Nov | E98: =Monthly_Estimates!M19 | F98: =E98/1000 | G98: =Monthly_Estimates!B19 | H98: =CHOOSE(Assumptions!$B$5,"Observed provincial profile + windows","Pooled profile + windows","Linear arithmetic") | I98: Medium–High (primary rate within 3% of FOI)
A99: Alaminos City | B99: 2025 | C99: 12 | D99: Dec | E99: =Monthly_Estimates!N19 | F99: =E99/1000 | G99: =Monthly_Estimates!B19 | H99: =CHOOSE(Assumptions!$B$5,"Observed provincial profile + windows","Pooled profile + windows","Linear arithmetic") | I99: Medium–High (primary rate within 3% of FOI)
A100: Anda | B100: 2025 | C100: 1 | D100: Jan | E100: =Monthly_Estimates!C20 | F100: =E100/1000 | G100: =Monthly_Estimates!B20 | H100: =CHOOSE(Assumptions!$B$5,"Observed provincial profile + windows","Pooled profile + windows","Linear arithmetic") | I100: Low–Medium
...

Sheet Testing
A1: Tests of the estimation assumptions (live formulas)
A2: Each test states what was checked, the numeric result and what it implies for the model.
A3: T1 · Source concordance: FOI (secondary) vs primary data
A4: Municipality | B4: Year | C4: Primary (kg) | D4: FOI (kg) | E4: FOI ÷ primary | F4: FOI shortfall
A5: San Fabian | B5: 2024 | C5: =Annual_Production!E10 | D5: =Annual_Production!B10 | E5: =D5/C5 | F5: =1-E5
A6: San Fabian | B6: 2025 | C6: =Annual_Production!F10 | D6: =Annual_Production!C10 | E6: =D6/C6 | F6: =1-E6
A7: Bani | B7: 2024 | C7: =Annual_Production!C23*1000 | D7: =Annual_Production!B6 | E7: =D7/C7 | F7: =1-E7
A8: Bani | B8: 2025 | C8: =Annual_Production!D23*1000 | D8: =Annual_Production!C6 | E8: =D8/C8 | F8: =1-E8
A9: Result: FOI is always below primary (7%–93% of it). FOI-only values are lower bounds. Bani is set to FOI by decision (Assumptions!B11); San Fabian uses primary.
A11: T2 · Denominator audit of the handwritten calibration
A12: Σ salt beds, full Alaminos master sheet | B12: =Alaminos_Beds!B4
A13: Bed count used on handwritten card | B13: =Assumptions!B9
A14: Full ÷ card | B14: =B12/B13
A15: x with full sheet (kg/bed/yr) | B15: =Alaminos_Beds!B9
A16: x on handwritten card | B16: =Alaminos_Beds!B12
A17: Card count equals cumulative beds through | B17: =Alaminos_Beds!B13
A18: Result: 3,444 is the running total through row 21 only; the 17 later rows add 3,966 beds. The full sheet halves x.
A20: T3 · Physical plausibility of x (independent yield checks)
A21: Check | B21: Value | C21: Unit | D21: Note
A22: Alaminos 2025: FOI ÷ bed area | B22: =Alaminos_Beds!B7/1000/Alaminos_Beds!B5 | C22: t/ha/yr | D22: FOI production over surveyed bed area
A23: x ÷ average bed area | B23: =Assumptions!B7/Assumptions!B8 | C23: kg/m²/yr | D23: Same quantity per m²
A24: Bani 2025 primary yield | B24: =Annual_Production!D23/Annual_Production!B24 | C24: t/ha/yr | D24: Master-sheet reports; equals 40 t/ha × area
A25: Pangasinan 2021 (OPAg): 64,156.36 MT ÷ 1,432.4 ha | B25: =64156.36/1432.4 | C25: t/ha/yr | D25: pangasinan.gov.ph/?p=108708
A26: Range of the three yields (max ÷ min − 1) | B26: =MAX(B22,B24,B25)/MIN(B22,B24,B25)-1 | C26: % | D26: Spread across independent sources
A27: Master-sheet col. V (= col. U × 30) summed, Alaminos | B27: 5496300 | C27: kg | D27: Input from master sheet
A28: … as multiple of FOI full-year total | B28: =B27/Alaminos_Beds!B7 | C28: × | D28: One month of col. V vs a whole FOI year
A29: … implied yield for ONE month | B29: =B27/1000/Alaminos_Beds!B5 | C29: t/ha | D29: Compare with ~40–45 t/ha for a whole year
A30: Result: three independent annual yields fall within about 12% of each other (≈40–45 t/ha), supporting x = 144 kg per 35 m² bed. Column V (U × 30) implies >200 t/ha in a single month, so column U is read as kg per month instead (T10).
A32: T4 · Temporal stability of San Fabian series (coefficient of variation; lower = more consistent)
A33: Series | B33: 2024 / 2023 | C33: 2025 / 2024 | D33: 2026 / 2025 | E33: Mean | F33: Std dev | G33: CV
A34: A · FOI only (2024, 2025, 2026) | B34: =Annual_Production!B10 | C34: =Annual_Production!C10 | D34: =Annual_Production!D10 | E34: =AVERAGE(B34:D34) | F34: =STDEV(B34:D34) | G34: =F34/E34
A35: B · Handwritten card (FOI 2024, primary 2025, FOI 2026) | B35: =Annual_Production!B10 | C35: =Annual_Production!F10 | D35: =Annual_Production!D10 | E35: =AVERAGE(B35:D35) | F35: =STDEV(B35:D35) | G35: =F35/E35
A36: C · Strict hierarchy (primary 2024, primary 2025, FOI 2026) | B36: =Annual_Production!E10 | C36: =Annual_Production!F10 | D36: =Annual_Production!D10 | E36: =AVERAGE(B36:D36) | F36: =STDEV(B36:D36) | G36: =F36/E36
A37: D · Primary only, 2023–2025 | B37: =Annual_Production!B29*1000 | C37: =Annual_Production!E10 | D37: =Annual_Production!F10 | E37: =AVERAGE(B37:D37) | F37: =STDEV(B37:D37) | G37: =F37/E37
A38: Result: swapping FOI for primary values cuts the CV from 15.9% to about 7.4%. CV of N = CV of Y, so this is independent of x. Production area grew 0.04 → 0.06 ha in 2025, which can legitimately lift output.
A40: T5 · Area consistency of implied beds (from Salt_Beds)
A41: Municipality | B41: Implied ÷ reported area | C41: Result
A42: Alaminos City | B42: =Salt_Beds!K12 | C42: =Salt_Beds!M12
A43: Bani | B43: =Salt_Beds!K14 | C43: =Salt_Beds!M14
A44: San Fabian | B44: =Salt_Beds!K18 | C44: =Salt_Beds!M18
A45: Result: Bani is ≈7% of reported area on the FOI basis (≈98% on the primary basis). San Fabian implies ≈43× its reported 0.06 ha, so the check does not apply: cooked salt is not area-bound and its count is a bed-equivalent.
A47: T6 · Year-over-year jump in FOI totals (2025 ÷ 2024) – coverage vs growth
A48: Municipality | B48: FOI 2024 (kg) | C48: FOI 2025 (kg) | D48: Ratio
A49: Alaminos City | B49: =Annual_Production!B4 | C49: =Annual_Production!C4 | D49: =C49/B49
A50: Anda | B50: =Annual_Production!B5 | C50: =Annual_Production!C5 | D50: =C50/B50
A51: Bani | B51: =Annual_Production!B6 | C51: =Annual_Production!C6 | D51: =C51/B51
A52: Bolinao | B52: =Annual_Production!B7 | C52: =Annual_Production!C7 | D52: =C52/B52
A53: Dasol | B53: =Annual_Production!B8 | C53: =Annual_Production!C8 | D53: =C53/B53
A54: Infanta | B54: =Annual_Production!B9 | C54: =Annual_Production!C9 | D54: =C54/B54
A55: San Fabian | B55: =Annual_Production!B10 | C55: =Annual_Production!C10 | D55: =C55/B55
A56: Province | B56: =Annual_Production!B11 | C56: =Annual_Production!C11 | D56: =C56/B56
A58: Result: Bolinao ×204 and Anda ×11.5 cannot be physical growth. 2024 FOI under-reports; calibration and bed counts use 2025. Alaminos 2024 production implies 3,092 beds vs 7,410 surveyed – consistent with coverage, not construction.
A60: T7 · Monthly allocation methods, leave-one-year-out (error vs observed provincial shares)
A61: Method | B61: Held-out year | C61: Mean abs. error (pp of annual) | D61: Misallocated share of annual output
A62: Uniform 1/12 | B62: 2024 | C62: =SUMPRODUCT(ABS(Seasonal_Profile!$B$12:$M$12-Seasonal_Profile!$B$8:$M$8))/12*100 | D62: =SUMPRODUCT(ABS(Seasonal_Profile!$B$12:$M$12-Seasonal_Profile!$B$8:$M$8))/2
A63: Uniform 1/12 | B63: 2025 | C63: =SUMPRODUCT(ABS(Seasonal_Profile!$B$12:$M$12-Seasonal_Profile!$B$9:$M$9))/12*100 | D63: =SUMPRODUCT(ABS(Seasonal_Profile!$B$12:$M$12-Seasonal_Profile!$B$9:$M$9))/2
A64: Linear arithmetic (a1 = 8%) | B64: 2024 | C64: =SUMPRODUCT(ABS(Seasonal_Profile!$B$11:$M$11-Seasonal_Profile!$B$8:$M$8))/12*100 | D64: =SUMPRODUCT(ABS(Seasonal_Profile!$B$11:$M$11-Seasonal_Profile!$B$8:$M$8))/2
A65: Linear arithmetic (a1 = 8%) | B65: 2025 | C65: =SUMPRODUCT(ABS(Seasonal_Profile!$B$11:$M$11-Seasonal_Profile!$B$9:$M$9))/12*100 | D65: =SUMPRODUCT(ABS(Seasonal_Profile!$B$11:$M$11-Seasonal_Profile!$B$9:$M$9))/2
A66: Empirical profile from the other year | B66: 2024 | C66: =SUMPRODUCT(ABS(Seasonal_Profile!$B$9:$M$9-Seasonal_Profile!$B$8:$M$8))/12*100 | D66: =SUMPRODUCT(ABS(Seasonal_Profile!$B$9:$M$9-Seasonal_Profile!$B$8:$M$8))/2
A67: Empirical profile from the other year | B67: 2025 | C67: =SUMPRODUCT(ABS(Seasonal_Profile!$B$8:$M$8-Seasonal_Profile!$B$9:$M$9))/12*100 | D67: =SUMPRODUCT(ABS(Seasonal_Profile!$B$8:$M$8-Seasonal_Profile!$B$9:$M$9))/2
A69: Mean misallocation – uniform | D69: =AVERAGE(D62:D63)
A70: Mean misallocation – linear arithmetic | D70: =AVERAGE(D64:D65)
A71: Mean misallocation – empirical cross-year profile | D71: =AVERAGE(D66:D67)
A72: Result: linear arithmetic misallocates about half of annual output, no better than uniform; an empirical profile transferred from a different year halves that error. Observed shares peak at 25–37% in April, far from an 8%–8.7% monthly range.
A74: T8 · Share of annual output placed outside a primary-stated production window
A75: Method | B75: Bani (Jan–Apr) | C75: San Fabian (Nov–May)
A76: Linear arithmetic (a1 = 8%) | B76: =1-SUMPRODUCT(Seasonal_Profile!$B$11:$M$11,Assumptions!$D$15:$O$15) | C76: =1-SUMPRODUCT(Seasonal_Profile!$B$11:$M$11,Assumptions!$D$19:$O$19)
A77: Uniform 1/12 | B77: =1-SUMPRODUCT(Seasonal_Profile!$B$12:$M$12,Assumptions!$D$15:$O$15) | C77: =1-SUMPRODUCT(Seasonal_Profile!$B$12:$M$12,Assumptions!$D$19:$O$19)
A78: Observed provincial 2025 profile | B78: =1-SUMPRODUCT(Seasonal_Profile!$B$9:$M$9,Assumptions!$D$15:$O$15) | C78: =1-SUMPRODUCT(Seasonal_Profile!$B$9:$M$9,Assumptions!$D$19:$O$19)
A79: Primary window (flat inside window) | B79: =1-SUMPRODUCT(Assumptions!$D$15:$O$15/SUM(Assumptions!$D$15:$O$15),Assumptions!$D$15:$O$15) | C79: =1-SUMPRODUCT(Assumptions!$D$19:$O$19/SUM(Assumptions!$D$19:$O$19),Assumptions!$D$19:$O$19)
A81: Result: even the observed provincial profile puts >50% of Bani's output outside its recorded Jan–Apr window; windows from primary notes are therefore applied to Bani and San Fabian.
A83: T9 · External benchmark: OPAg 2021 (Pangasinan Provincial Government) vs FOI 2025
A84: Municipality | B84: OPAg 2021 (MT) | C84: FOI 2025 (MT) | D84: FOI ÷ OPAg
A85: Alaminos City | B85: 5208 | C85: =Annual_Production!C4/1000 | D85: =C85/B85
A86: Anda | B86: 3750 | C86: =Annual_Production!C5/1000 | D86: =C86/B86
A87: Bani | B87: 4617 | C87: =Annual_Production!C6/1000 | D87: =C87/B87
A88: Bolinao | B88: 12240 | C88: =Annual_Production!C7/1000 | D88: =C88/B88
A89: Dasol | B89: 24000 | C89: =Annual_Production!C8/1000 | D89: =C89/B89
A90: Infanta | B90: 9622.8 | C90: =Annual_Production!C9/1000 | D90: =C90/B90
A91: San Fabian | B91: not listed | C91: =Annual_Production!C10/1000 | D91: n/a
A92: Province (all towns) | B92: 64156.36 | C92: =Annual_Production!C11/1000 | D92: =C92/B92
A94: Dasol bed benchmark
A95: OPAg: Dasol banigan reported (2021, 'more than') | B95: 10000
A96: OPAg kg per banigan (24,000 MT ÷ 10,000) | B96: =B89*1000/B95
A97: Alaminos x (kg/bed/yr) | B97: =Assumptions!B7
A98: Dasol banigan ÷ Alaminos bed (production per unit) | B98: =B96/B97
A99: Our Dasol estimate (FOI 2025 ÷ x) | B99: =Salt_Beds!D16
A101: Result: FOI is a small fraction of OPAg's 2021 totals (province ≈15%, Dasol ≈3%), so FOI-based annual totals and bed counts are lower bounds. Dasol banigan produce ≈17× more per unit than Alaminos beds, so x does not transfer across bed sizes without a local bed-size survey.
A103: T10 · Alaminos primary production: master col. U read as kg per month
A104: Check | B104: Value | C104: Unit
A105: Σ master col. U, Alaminos (read as kg per month) | B105: =Alaminos_Beds!B14 | C105: kg/month
A106: Season months (Dec–May) | B106: =Assumptions!B25 | C106: months
A107: Primary annual = U × months | B107: =B105*B106 | C107: kg
A108: FOI 2025 | B108: =Annual_Production!C4 | C108: kg
A109: Primary ÷ FOI | B109: =B107/B108 | C109: ×
A110: Months of production that would match FOI exactly | B110: =B108/B105 | C110: months
A111: Implied yield on surveyed bed area | B111: =B107/1000/Alaminos_Beds!B5 | C111: t/ha/yr
A112: Primary-based x = primary annual ÷ beds | B112: =B107/Alaminos_Beds!B4 | C112: kg/bed/yr
A113: FOI-based x | B113: =Alaminos_Beds!B9 | C113: kg/bed/yr
A114: Rejected reading: col. V as monthly × months ÷ FOI | B114: =B27*B106/B108 | C114: ×
...

Sheet IQR_2024_25_Detail
A1: Municipality | B1: Year | C1: Month | D1: Original estimate (kg) | E1: IQR multiplier | F1: Adjusted estimate (kg) | G1: Annual total preserved (kg) | H1: Change (%) | I1: Status
A2: Alaminos City | B2: 2024 | C2: Jan | D2: 42118.498 | E2: 1 | F2: 42118.498 | G2: 446350 | H2: 0 | I2: Unchanged reference
A3: Alaminos City | B3: 2024 | C3: Feb | D3: 8036.3995 | E3: 1 | F3: 8036.3995 | G3: 446350 | H3: 0 | I3: Unchanged reference
A4: Alaminos City | B4: 2024 | C4: Mar | D4: 74348.638 | E4: 1 | F4: 74348.638 | G4: 446350 | H4: 0 | I4: Unchanged reference
A5: Alaminos City | B5: 2024 | C5: Apr | D5: 109913.82 | E5: 1 | F5: 109913.82 | G5: 446350 | H5: 0 | I5: Unchanged reference
A6: Alaminos City | B6: 2024 | C6: May | D6: 132793.18 | E6: 1 | F6: 132793.18 | G6: 446350 | H6: 0 | I6: Unchanged reference
A7: Alaminos City | B7: 2024 | C7: Jun | D7: 48459.891 | E7: 1 | F7: 48459.891 | G7: 446350 | H7: 0 | I7: Unchanged reference
A8: Alaminos City | B8: 2024 | C8: Jul | D8: 5421.2904 | E8: 1 | F8: 5421.2904 | G8: 446350 | H8: 0 | I8: Unchanged reference
A9: Alaminos City | B9: 2024 | C9: Aug | D9: 5487.6348 | E9: 1 | F9: 5487.6348 | G9: 446350 | H9: 0 | I9: Unchanged reference
A10: Alaminos City | B10: 2024 | C10: Sep | D10: 5544.5015 | E10: 1 | F10: 5544.5015 | G10: 446350 | H10: 0 | I10: Unchanged reference
A11: Alaminos City | B11: 2024 | C11: Oct | D11: 4795.7569 | E11: 1 | F11: 4795.7569 | G11: 446350 | H11: 0 | I11: Unchanged reference
A12: Alaminos City | B12: 2024 | C12: Nov | D12: 4748.368 | E12: 1 | F12: 4748.368 | G12: 446350 | H12: 0 | I12: Unchanged reference
A13: Alaminos City | B13: 2024 | C13: Dec | D13: 4682.0235 | E13: 1 | F13: 4682.0235 | G13: 446350 | H13: 0 | I13: Unchanged reference
... A169: San Fabian | B169: 2025 | C169: Dec | D169: 3218.4467 | E169: 0.68820578 | F169: 2214.9536 | G169: 106000 | H169: -31.179422 | I169: IQR-adjusted; annual total preserved

Sheet IQR_2024_25_Summary
A1: Municipality | B1: Year | C1: Original annual total (kg) | D1: Adjusted annual total (kg) | E1: Original monthly-share CV | F1: Adjusted monthly-share CV | G1: CV change (%) | H1: Treatment
A2: Alaminos City | B2: 2024 | C2: 446350 | D2: 446350 | E2: 1.1766246 | F2: 1.1766246 | G2: 0 | H2: Unchanged reference
A3: Alaminos City | B3: 2025 | C3: 1099260 | D3: 1099260 | E3: 1.401594 | F3: 1.401594 | G3: 0 | H3: Unchanged reference
A4: Anda | B4: 2024 | C4: 115600 | D4: 115600 | E4: 1.1766246 | F4: 1.2627445 | G4: 7.3192296 | H4: IQR-adjusted; annual total preserved
A5: Anda | B5: 2025 | C5: 1332211 | D5: 1332211 | E5: 1.401594 | F5: 1.1029411 | G5: -21.308087 | H5: IQR-adjusted; annual total preserved
A6: Bani | B6: 2024 | C6: 649400 | D6: 649400 | E6: 1.1766246 | F6: 1.0962061 | G6: -6.8346752 | H6: IQR-adjusted; annual total preserved
A7: Bani | B7: 2025 | C7: 607800 | D7: 607800 | E7: 1.401594 | F7: 1.5323281 | G7: 9.3275314 | H7: IQR-adjusted; annual total preserved
A8: Bolinao | B8: 2024 | C8: 21825 | D8: 21825 | E8: 1.1766246 | F8: 1.8645623 | G8: 58.467046 | H8: IQR-adjusted; annual total preserved
A9: Bolinao | B9: 2025 | C9: 4461917 | D9: 4461917 | E9: 1.401594 | F9: 1.8272833 | G9: 30.371803 | H9: IQR-adjusted; annual total preserved
A10: Dasol | B10: 2024 | C10: 579267 | D10: 579267 | E10: 1.1766246 | F10: 1.1797226 | G10: 0.26329172 | H10: IQR-adjusted; annual total preserved
A11: Dasol | B11: 2025 | C11: 776414 | D11: 776414 | E11: 1.401594 | F11: 1.3815525 | G11: -1.4299068 | H11: IQR-adjusted; annual total preserved
A12: Infanta | B12: 2024 | C12: 357916 | D12: 357916 | E12: 1.1766246 | F12: 1.8034008 | G12: 53.268999 | H12: IQR-adjusted; annual total preserved
A13: Infanta | B13: 2025 | C13: 1436623 | D13: 1436623 | E13: 1.401594 | F13: 0.96036059 | G13: -31.480828 | H13: IQR-adjusted; annual total preserved
... A15: San Fabian | B15: 2025 | C15: 106000 | D15: 106000 | E15: 1.401594 | F15: 2.2250933 | G15: 58.754482 | H15: IQR-adjusted; annual total preserved

Sheet IQR_2024_25_Method
A1: Assumption | B1: Value
A2: Purpose | B2: Change estimated monthly allocations for 2024 and 2025 only; not a 2026 prediction.
A3: Reference | B3: Alaminos City monthly production, 2024 and 2025, in the original estimates workbook.
A4: Reference statistic | B4: Twelve same-month log changes: ln(Alaminos 2025 month / Alaminos 2024 month).
A5: Q1 lower bound (log change) | B5: 0.43316605
A6: Median (log change) | B6: 1.1761643
A7: Q3 upper bound (log change) | B7: 1.5226541
A8: IQR amplitude strength | B8: 3
A9: Noise formula | B9: r_m = exp(strength * (U_m - median)); U_m is sampled uniformly from [Q1,Q3].
A10: Annual-total constraint | B10: adjusted_m = original_m * r_m * original_annual_total / sum(original_j * r_j). Sum of adjusted months therefore equals original annual total.
A11: Random seed | B11: 42
A12: Multiplier bounds before annual normalization | B12: 0.1076 to 2.8277.
A13: Alaminos City | B13: Both years stay unchanged and are the variability reference.
A14: Other municipalities | B14: Independent stochastic monthly variation is applied to each municipality-year (2024 and 2025).
A15: Interpretation | B15: Synthetic historical monthly scenarios. More variation is created by a 3x IQR amplitude; exact match to real monthly data cannot be asserted without municipality-specific observed monthly records.

Sheet IQR_2024_25_Charts
A1: Historical monthly estimates with stronger Alaminos-calibrated IQR variation
A2: Gray dashed = original estimates; green = IQR-adjusted estimates. Annual totals are preserved. Historical data only; no predictions.

Sheet 2026_Monthly_Synthesis
A1: Municipality | B1: Year | C1: Month | D1: Month number | E1: Monthly production (kg) | F1: 2026 Jan-Sep total (kg) | G1: Reference/method
A2: Alaminos City | B2: 2026 | C2: Jan | D2: 1 | E2: 68973.732 | F2: 1327670 | G2: San Fabian 2026 profile + stochastic IQR
A3: Alaminos City | B3: 2026 | C3: Feb | D3: 2 | E3: 1962.6006 | F3: 1327670 | G3: San Fabian 2026 profile + stochastic IQR
A4: Alaminos City | B4: 2026 | C4: Mar | D4: 3 | E4: 271434.08 | F4: 1327670 | G4: San Fabian 2026 profile + stochastic IQR
A5: Alaminos City | B5: 2026 | C5: Apr | D5: 4 | E5: 268513.65 | F5: 1327670 | G5: San Fabian 2026 profile + stochastic IQR
A6: Alaminos City | B6: 2026 | C6: May | D6: 5 | E6: 5047.968 | F6: 1327670 | G6: San Fabian 2026 profile + stochastic IQR
A7: Alaminos City | B7: 2026 | C7: Jun | D7: 6 | E7: 660612.92 | F7: 1327670 | G7: San Fabian 2026 profile + stochastic IQR
A8: Alaminos City | B8: 2026 | C8: Jul | D8: 7 | E8: 34095.191 | F8: 1327670 | G8: San Fabian 2026 profile + stochastic IQR
A9: Alaminos City | B9: 2026 | C9: Aug | D9: 8 | E9: 16717.947 | F9: 1327670 | G9: San Fabian 2026 profile + stochastic IQR
A10: Alaminos City | B10: 2026 | C10: Sep | D10: 9 | E10: 311.91924 | F10: 1327670 | G10: San Fabian 2026 profile + stochastic IQR
A11: Anda | B11: 2026 | C11: Jan | D11: 1 | E11: 10501.301 | F11: 1510686 | G11: San Fabian 2026 profile + stochastic IQR
A12: Anda | B12: 2026 | C12: Feb | D12: 2 | E12: 1566.7211 | F12: 1510686 | G12: San Fabian 2026 profile + stochastic IQR
A13: Anda | B13: 2026 | C13: Mar | D13: 3 | E13: 524291.11 | F13: 1510686 | G13: San Fabian 2026 profile + stochastic IQR
... A64: San Fabian | B64: 2026 | C64: Sep | D64: 9 | E64: 1400.301 | F64: 91975 | G64: San Fabian reference; Jan-Sep reallocated to annual total

Sheet 2026_Annual_Production
A1: Municipality | B1: 2026 Jan-Sep production total (kg) | C1: Supplied Jan-Sep total (kg) | D1: Difference vs supplied total (kg)
A2: Alaminos City | B2: 1327670 | C2: 1327670 | D2: 0
A3: Anda | B3: 1510686 | C3: 1510686 | D3: 0
A4: Bani | B4: 73500 | C4: 73500 | D4: 0
A5: Bolinao | B5: 10420307 | C5: 10420307 | D5: 0
A6: Dasol | B6: 629511 | C6: 629511 | D6: -1.1641532e-10
A7: Infanta | B7: 928140 | C7: 928140 | D7: 0
A8: San Fabian | B8: 91975 | C8: 91975 | D8: 0

Sheet 2026_Method
A1: Method / assumption | B1: Value
A2: Purpose | B2: Synthesize monthly estimates for January-September 2026 using San Fabian as the reference; each municipality reconciles to its supplied Jan-Sep total.
A3: Jan-Sep total source | B3: The 2026 column in the provided image represents production through September (Jan-Sep cumulative), not a full-year target; province total is 14,981,789 kg.
A4: San Fabian profile source | B4: San Fabian 2026 estimated Jan-Dec profile in the original workbook; this profile is synthetic, not an observed month-by-month record.
A5: Reallocation | B5: Normalize San Fabian January-September profile values to its Jan-Sep subtotal, then distribute its supplied Jan-Sep total of 91,975 kg across these nine months. Oct-Dec are excluded.
A6: IQR statistic | B6: z_m = ln(San Fabian Jan-Sep share_m / median(San Fabian Jan-Sep shares)); sample stochastic noise within Q1-Q3 of the nine z_m values.
A7: Q1 / median / Q3 | B7: -1.210220 / 0.000000 / 0.951565
A8: Noise equation | B8: w_m = reference_share_m * exp(k * (U_m - median(z))); U_m independently Uniform(Q1,Q3), then normalize the nine Jan-Sep shares to sum to 1 and multiply by the municipality supplied Jan-Sep total.
A9: IQR strength k | B9: 3
A10: Random seed | B10: 42
A11: Jan-Sep total check | B11: The nine synthetic monthly values sum to the supplied Jan-Sep total for each municipality. These are generated monthly allocations; no Oct-Dec values or full-year annualization are included.
A12: Plot scope | B12: Chart displays only the supplied Jan-Sep 2026 production totals from the image. 2024, 2025, and cumulative totals are excluded.
A13: Limitation | B13: The reference month profile and municipality-level monthly splits are synthetic; the aggregate Jan-Sep amounts are from the provided image. The splits are not independently observed monthly data.

Sheet 2026_Annual_Chart
A1: Jan-Sep 2026 Production Through September (kg)
A2: Only the supplied 2026 Jan-Sep cumulative production amounts are plotted; these are not full-year annual totals.
